country_name,year,fatalities,prop_discriminated,urban_share,democracy,polarization,gdppc,pop,timeindep
Afghanistan,2001,5553,0.469,0.21596,0,1.570362143023964,766.1419000000002,20.53116,81.99997972433374
Afghanistan,2002,1157,0,0.21914999999999998,0,1.2874444729675072,1063.6360000000004,21.487079999999995,82.99994955289773
Afghanistan,2003,944,0,0.22236999999999998,0,1.5179445462107006,1099.1939999999997,22.507369999999998,84.00001689716338
Afghanistan,2004,817,0,0.22562000000000001,0,1.8775461057208804,1062.2490000000005,23.499849999999995,84.99997819832602
Afghanistan,2005,1711,0,0.22895,0,1.3802992004124797,1136.1230000000005,24.399950000000004,85.99997452220214
Albania,2001,0,0,0.42435,1,1.3565873849620693,6176.370999999999,3.060173,88.00001632591938
Albania,2002,0,0,0.4350100000000001,1,1.1513852965523534,6457.049999999995,3.0510100000000002,88.9999670938456
Albania,2003,0,0,0.44573,1,1.3764504513260234,6855.449000000007,3.0396160000000005,90.00002967028104
Albania,2004,0,0,0.45651,1,0.3504350348196714,7277.214999999995,3.026939,90.99995390697832
Albania,2005,0,0,0.46731,1,0.04651752782161348,7733.007000000001,3.0114869999999994,92.00003891149653
Algeria,2001,674,0,0.60712,0,0.8778413146826998,10382.189999999995,31.590320000000006,39.00001380094624
Algeria,2002,1058,0,0.6150100000000002,0,1.6336052446780052,10826.49,31.990390000000005,39.999981835446675
Algeria,2003,714,0,0.62284,0,0.8132210090097878,11459.890000000001,32.39489,40.999997265123476
Algeria,2004,500,0,0.6306100000000001,0,1.7318953170196036,11797.180000000011,32.81723,42.00001603210159
Algeria,2005,232,0,0.6383,0,1.3977444869739002,12322.480000000007,33.26789,42.99999502517711
Andorra,2001,0,0,0.63043,0,0.2475401174876885,11040.59000000001,25.515789999999996,36.00000221558012
Andorra,2002,0,0,0.63043,0,0.09590359171414514,11040.59000000001,25.515789999999996,36.00000221558012
Andorra,2003,0,0,0.63043,0,0.1377652465159376,11040.59000000001,25.515789999999996,36.00000221558012
Andorra,2004,0,0,0.63043,0,0.31695655029854736,11040.59000000001,25.515789999999996,36.00000221558012
Andorra,2005,0,0,0.63043,0,0.31301530353600854,11040.59000000001,25.515789999999996,36.00000221558012
Angola,2001,2154,0.47,0.33152000000000004,0,1.1314821222651004,2898.4279999999994,15.56279,25.999986011445234
Angola,2002,578,0.47,0.33895000000000003,0,1.7452299346063287,3184.0209999999975,16.109699999999997,27.000003617883362
Angola,2003,81,0,0.34645000000000004,0,1.0240752666646151,3213.6769999999988,16.69139,28.00001371509765
Angola,2004,49,0,0.35405000000000003,0,1.5166018390153884,3418.3250000000007,17.2955,29.000004930392674
Angola,2005,11,0,0.36168999999999996,0,1.1083645765511854,3987.815,17.91294,29.999988550137516
Antigua and Barbuda,2001,0,0,0.63043,0,0.04563859396564308,11040.59000000001,25.515789999999996,36.00000221558012
Antigua and Barbuda,2002,0,0,0.63043,0,0.21898659385921895,11040.59000000001,25.515789999999996,36.00000221558012
Antigua and Barbuda,2003,0,0,0.63043,0,0.09908401901634642,11040.59000000001,25.515789999999996,36.00000221558012
Antigua and Barbuda,2004,0,0,0.63043,0,0.16049687618070746,11040.59000000001,25.515789999999996,36.00000221558012
Antigua and Barbuda,2005,0,0,0.63043,0,0.13501295628270366,11040.59000000001,25.515789999999996,36.00000221558012
Argentina,2001,0,0,0.8932899999999999,1,0.180146723009306,14085.580000000009,37.47153000000001,186.00006068935448
Argentina,2002,0,0,0.8951899999999998,1,0.9684282011461888,12412.61,37.88944,187.00007164820602
Argentina,2003,0,0,0.8970999999999999,1,0.7851181006640894,13361.400000000005,38.30947000000001,188.00000698796973
Argentina,2004,0,0,0.89899,1,0.49513777374582135,14410.150000000009,38.72878000000001,188.99999715372763
Argentina,2005,0,0,0.9008400000000001,1,0.6660428713515866,15518.679999999997,39.14549000000001,189.99998628950806
Armenia,2001,0,0,0.64385,0,0.13524946293066023,3224.1409999999987,3.060036,9.999999070059587
Armenia,2002,0,0,0.64283,0,0.0802190241880226,3669.443000000002,3.047249,10.999996999218334
Armenia,2003,0,0,0.6425,0,0.31798842208110734,4206.975000000002,3.0364200000000006,12.000004202544735
Armenia,2004,0,0,0.64217,0,0.005733906581671908,4673.985,3.025982,13.000008353002707
Armenia,2005,1,0,0.64184,0,1.5057311591142974,5356.614000000002,3.0149170000000005,13.999995385387143
Australia,2001,0,0,0.8737799999999999,1,0.9090805370218819,35578.64000000002,19.413000000000004,99.99998140119244
Australia,2002,0,0,0.87541,1,0.19506666170879733,36553.95999999998,19.6514,100.9999477990463
Australia,2003,0,0,0.8769499999999999,1,1.0257391632773099,37183.67999999999,19.8954,102.00001904500628
Australia,2004,0,0,0.8784899999999998,1,0.38608580825043387,38225.700000000004,20.1274,103.00000121234753
Australia,2005,0,0,0.88,1,0.7381552082300187,38928.04000000002,20.394800000000004,104.00001048929792
Austria,2001,0,0,0.65801,1,0.2044689821092109,39186.34000000002,8.042292999999997,82.99994955289773
Austria,2002,0,0,0.65806,1,1.0167884550400779,39638.030000000035,8.081957,84.00001689716338
Austria,2003,0,0,0.6581199999999999,1,1.1140546386643873,39816.77000000002,8.121423,84.99997819832602
Austria,2004,0,0,0.65818,1,0.2732054398929328,40652.810000000005,8.171966000000001,85.99997452220214
Austria,2005,0,0,0.6582399999999999,1,1.1728847264712305,41282.88000000001,8.227829,86.99998967705181
Azerbaijan,2001,6,0,0.51587,0,1.861192732100701,4862.619000000002,8.1112,9.999999070059587
Azerbaijan,2002,0,0,0.5178699999999999,0,0.18630062394522598,5338.076000000005,8.17195,10.999996999218334
Azerbaijan,2003,0,0,0.51988,0,0.199861111677764,5891.137,8.234100000000002,12.000004202544735
Azerbaijan,2004,8,0,0.52189,0,1.8902903194580203,6435.447999999999,8.306499999999998,13.000008353002707
Azerbaijan,2005,24,0,0.5238900000000001,0,1.5661438506455347,8051.675000000002,8.391850000000002,13.999995385387143
Bahamas,2001,0,0,0.63043,0,0.279549222133155,11040.59000000001,25.515789999999996,36.00000221558012
Bahamas,2002,0,0,0.63043,0,0.25436171916476913,11040.59000000001,25.515789999999996,36.00000221558012
Bahamas,2003,0,0,0.63043,0,0.2692812068239529,11040.59000000001,25.515789999999996,36.00000221558012
Bahamas,2004,0,0,0.63043,0,0.020797359384347215,11040.59000000001,25.515789999999996,36.00000221558012
Bahamas,2005,0,0,0.63043,0,0.03945147980048088,11040.59000000001,25.515789999999996,36.00000221558012
Bahrain,2001,0,0.7,0.88369,0,0.06949760601896096,43887.069999999985,0.694893,29.999988550137516
Bahrain,2002,0,0.7,0.8837,0,0.034409091592323957,43147.49999999999,0.7253649999999999,30.999993660961117
Bahrain,2003,0,0.7,0.8837600000000001,1,0.10453468613097443,43187.499999999985,0.761595,32.000003110408905
Bahrain,2004,0,0.7,0.8838600000000002,1,0.940755980918668,43355.29999999997,0.8079890000000001,33.00001447160934
Bahrain,2005,0,0.7,0.884,1,0.905104434167035,43201.80999999999,0.867014,34.000016163054354
Bangladesh,2001,62,0.112,0.24096,0,0.5702556910981983,1692.8289999999995,133.77610000000004,29.999988550137516
Bangladesh,2002,6,0.112,0.24756,0,0.45992579133315015,1725.6319999999994,136.22849999999994,30.999993660961117
Bangladesh,2003,8,0.112,0.25428999999999996,0,0.6985750432181823,1775.9779999999992,138.60019999999997,32.000003110408905
Bangladesh,2004,51,0.112,0.26114,0,0.3938423858466604,1838.7619999999997,140.84379999999996,33.00001447160934
Bangladesh,2005,80,0.112,0.26809,0,1.38040417437596,1929.9389999999996,142.92999999999998,34.000016163054354
Barbados,2001,0,0,0.33651000000000003,1,0.11846542873660568,15049.859999999997,0.27068600000000004,34.9999978478706
Barbados,2002,0,0,0.33472,1,0.39769236564755445,15125.939999999993,0.271479,36.00000221558012
Barbados,2003,0,0,0.33294,1,1.3321984599928651,15414.420000000002,0.27226100000000003,37.000003232163834
Barbados,2004,0,0,0.33116,1,1.2062436117231565,15582.550000000005,0.273091,37.999993930397835
Barbados,2005,0,0,0.32939,1,1.660240519064809,16151.560000000001,0.274013,39.00001380094624
Belarus,2001,0,0,0.70458,0,0.2947072679951927,7960.985999999995,9.927999999999999,9.999999070059587
Belarus,2002,0,0,0.70939,0,0.043024620829161725,8416.042999999996,9.865,10.999996999218334
Belarus,2003,0,0,0.7141500000000001,0,0.26067353287409056,9072.066000000004,9.797,12.000004202544735
Belarus,2004,0,0,0.71887,0,0.026414644632905254,10179.99999999999,9.729999999999999,13.000008353002707
Belarus,2005,0,0.041,0.72354,0,0.2479487954345858,11213.250000000002,9.663,13.999995385387143
Belgium,2001,0,0,0.9718399999999999,1,0.17749625936932864,37361.71999999997,10.286569999999998,171.00007583806192
Belgium,2002,0,0,0.9723900000000001,1,0.9373082425199332,37856.860000000015,10.332780000000001,171.99991798810564
Belgium,2003,0,0,0.97292,1,0.3114472824664973,37990.709999999985,10.37613,173.00007015189854
Belgium,2004,0,0,0.97345,1,0.8997943089207749,39201.52999999999,10.421140000000001,173.9999479366798
Belgium,2005,0,0,0.97397,1,0.18887439220811705,39802.96999999998,10.478620000000001,175.00000456338515
Belize,2001,0,0,0.63043,0,0.30955661931203443,11040.59000000001,25.515789999999996,36.00000221558012
Belize,2002,0,0,0.63043,0,0.1727036204791814,11040.59000000001,25.515789999999996,36.00000221558012
Belize,2003,0,0,0.63043,0,0.19931360473453763,11040.59000000001,25.515789999999996,36.00000221558012
Belize,2004,0,0,0.63043,0,0.34793697487318886,11040.59000000001,25.515789999999996,36.00000221558012
Belize,2005,0,0,0.63043,0,0.2482779972751974,11040.59000000001,25.515789999999996,36.00000221558012
Benin,2001,0,0,0.3865,1,1.1536234595438,1703.0150000000006,7.174911,40.999997265123476
Benin,2002,0,0,0.38969000000000004,1,0.8378258340544555,1728.6970000000006,7.4147440000000024,42.00001603210159
Benin,2003,0,0,0.39297,1,1.4312787409071717,1734.6950000000004,7.665681000000001,42.99999502517711
Benin,2004,0,0,0.39635,1,0.003424946051230654,1757.9030000000002,7.922796,44.000016107599464
Benin,2005,0,0,0.39982,1,0.2737266132126609,1735.9740000000002,8.182361999999998,45.00002296034146
Bhutan,2001,0,0.2,0.2648,0,0.5750432962398977,3723.981999999999,0.580784,52.00001463376783
Bhutan,2002,0,0.2,0.2757,0,0.6044264982548542,4009.2520000000018,0.598421,53.00000458173775
Bhutan,2003,0,0.2,0.28687999999999997,0,0.1489920227682963,4198.587,0.616474,53.999997485529235
Bhutan,2004,0,0.2,0.29835,0,0.49777651571867754,4329.159999999996,0.634235,54.99998981221505
Bhutan,2005,0,0.2,0.30965,0,0.41551781243794833,4521.986000000003,0.651163,56.00001731883431
Bolivia,2001,0,0,0.6231300000000001,1,1.0132095908794552,4403.717000000004,8.496377999999998,176.0000008732853
Bolivia,2002,0,0,0.62791,1,0.8468724315535673,4431.306000000001,8.653342999999998,177.00004733443853
Bolivia,2003,0,0,0.63264,1,1.2232238742970676,4470.309000000003,8.810420000000002,178.00008004802692
Bolivia,2004,0,0,0.63732,1,1.1522410926656053,4575.173,8.96774,179.00003475450825
Bolivia,2005,0,0,0.6419400000000001,1,0.1744598051170865,4694.916999999997,9.125405,180.0000268397641
Bosnia and Herzegovina,2001,0,0.01,0.39285,0,0.4617677497213241,6595.206000000006,3.7997470000000004,9.00000380397483
Bosnia and Herzegovina,2002,0,0.01,0.39264000000000004,0,0.1887622026413679,6936.433000000003,3.808347,9.999999070059587
Bosnia and Herzegovina,2003,0,0.01,0.39244,0,0.4218305858950596,7207.323999999998,3.817313,10.999996999218334
Bosnia and Herzegovina,2004,0,0.01,0.39222999999999997,0,0.39375657790177504,7642.844999999994,3.825872,12.000004202544735
Bosnia and Herzegovina,2005,0,0.01,0.39202,0,0.5573197842279821,8311.688000000004,3.8333770000000005,13.000008353002707
Botswana,2001,0,0,0.54062,1,0.8312670111547037,10278.630000000001,1.762531,34.9999978478706
Botswana,2002,0,0,0.54374,1,0.325135141405547,10749.250000000004,1.786672,36.00000221558012
Botswana,2003,0,0,0.5460699999999999,1,0.5959096675335267,11094.499999999998,1.810438,37.000003232163834
Botswana,2004,0,0,0.5484100000000001,1,1.425789917817146,11239.029999999993,1.83575,37.999993930397835
Botswana,2005,0,0,0.55073,1,0.27015874036943305,11583.22,1.864003,39.00001380094624
Brazil,2001,74,0,0.81553,1,1.9709573352653602,11368.469999999992,178.41940000000002,179.00003475450825
Brazil,2002,61,0,0.8188,1,1.9244943980577403,11559.560000000007,181.04560000000006,180.0000268397641
Brazil,2003,43,0,0.8220299999999997,1,1.8604986428786137,11541.969999999992,183.62730000000005,180.99999434088556
Brazil,2004,86,0,0.82521,1,1.912299434109081,12058.209999999992,186.11639999999994,182.00005695203214
Brazil,2005,54,0,0.8283400000000001,1,1.8989737091273442,12298.589999999995,188.47920000000002,182.99997203002212
Brunei,2001,0,0,0.71652,0,0.12987245894487945,82596.76999999997,0.337074,16.999994151045335
Brunei,2002,0,0,0.7213600000000002,0,0.12558780299652358,84125.44000000006,0.343383,18.000004357869567
Brunei,2003,0,0,0.7260600000000003,0,0.22640128484894967,84970.72999999995,0.349557,19.000000395837635
Brunei,2004,0,0,0.7306100000000001,0,0.1591522421546466,83942.21999999993,0.35570000000000007,19.999994528920926
Brunei,2005,0,0,0.73503,0,0.2203272792367521,82967.11000000002,0.361889,20.999990807810132
Bulgaria,2001,0,0.002,0.6916599999999999,1,0.390501159502361,9350.786000000006,8.020282,122.99995628920023
Bulgaria,2002,0,0.002,0.69524,1,0.13224236940734088,10123.369999999997,7.868467999999997,124.0000538649871
Bulgaria,2003,0,0.002,0.6987899999999999,1,0.07031920717646369,10730.009999999998,7.823557000000001,125.00003283721665
Bulgaria,2004,0,0.002,0.70233,1,0.7382245038995636,11507.049999999994,7.781161,126.00001172411429
Bulgaria,2005,0,0.002,0.70584,1,0.897832395090051,12419.930000000006,7.7399000000000004,126.99998901975958
Burkina Faso,2001,0,0,0.18539999999999998,1,0.6143460739089641,1114.2020000000002,11.94374,40.999997265123476
Burkina Faso,2002,0,0,0.19258,1,0.2460965595132392,1129.74,12.29098,42.00001603210159
Burkina Faso,2003,0,0,0.19996,1,1.2536115485913866,1183.0949999999998,12.651599999999998,42.99999502517711
Burkina Faso,2004,0,0,0.20757,1,0.20522895634227664,1200.417,13.028039999999997,44.000016107599464
Burkina Faso,2005,0,0,0.21536999999999998,1,0.7582592393068364,1266.3610000000003,13.421929999999998,45.00002296034146
Burundi,2001,1253,0,0.08461,0,0.24760041750992878,751.3889000000003,6.94672,39.00001380094624
Burundi,2002,1576,0,0.08682000000000001,0,1.5334064521075645,763.1772000000001,7.1599179999999985,39.999981835446675
Burundi,2003,1245,0,0.08907999999999999,0,0.38394838781311175,730.9029999999999,7.4012150000000005,40.999997265123476
Burundi,2004,679,0,0.09139,0,1.3246203476334644,741.7661999999999,7.661613000000002,42.00001603210159
Burundi,2005,378,0,0.09375,0,1.723912216417375,724.1599999999999,7.934213000000003,42.99999502517711
Cambodia,2001,0,0.008,0.18703,0,0.5588311505883768,1458.0779999999995,12.448880000000003,47.999999476421245
Cambodia,2002,0,0.008,0.1882,0,0.5919116405866575,1525.4379999999994,12.681979999999998,48.99998539258148
Cambodia,2003,1,0.008,0.18937,0,0.4830899134751503,1627.0659999999993,12.901219999999999,49.99999972859274
Cambodia,2004,0,0.008,0.19055,0,0.2184438131332863,1766.418,13.112329999999996,51.00001873106283
Cambodia,2005,0,0.008,0.19174,0,0.30491779799431096,1969.2909999999993,13.320059999999998,52.00001463376783
Cameroon,2001,0,0,0.46139,0,0.5074189278746211,2648.5469999999996,16.34936,40.999997265123476
Cameroon,2002,0,0,0.46738,0,0.3132932092997571,2689.892,16.77943,42.00001603210159
Cameroon,2003,0,0,0.47338,0,0.08550997722377535,2739.684999999999,17.21859,42.99999502517711
Cameroon,2004,0,0,0.4794,0,0.4458453744955361,2848.6539999999995,17.667579999999994,44.000016107599464
Cameroon,2005,0,0,0.48540999999999995,0,0.40867932919001215,2829.1910000000003,18.127,45.00002296034146
Canada,2001,1,0,0.7981,1,1.952251659719413,37712.12999999999,31.081900000000005,134.00002680658062
Canada,2002,0,0,0.79888,1,0.33497720053423197,38500.32000000003,31.362000000000005,135.00002991081527
Canada,2003,0,0,0.79967,1,0.9141055243649079,38805.67000000001,31.676,136.00001553989782
Canada,2004,0,0,0.80045,1,0.8021370448179775,39604.36000000003,31.994999999999994,137.00001016154727
Canada,2005,0,0,0.80122,1,0.4186289284135634,40471.259999999995,32.312,138.00004344831265
Cape Verde,2001,0,0,0.54291,1,1.030393541925815,18148.59999999999,0.405463,25.999986011445234
Cape Verde,2002,0,0,0.5514600000000001,1,1.0710224349314905,18260.149999999994,0.409145,27.000003617883362
Cape Verde,2003,0,0,0.55997,1,0.623439285019592,8323.325999999994,0.412602,28.00001371509765
Cape Verde,2004,0,0,0.56846,1,0.49099035674390384,18185.709999999985,0.415834,29.000004930392674
Cape Verde,2005,0,0,0.5768899999999999,1,0.5112623486003979,18185.709999999985,0.418837,29.999988550137516
Central African Republic,2001,255,0,0.3772,0,1.2099858893786557,832.2278999999999,3.794677,40.999997265123476
Central African Republic,2002,152,0.04,0.37802,0,0.6946043771348986,845.6846,3.859784,42.00001603210159
Central African Republic,2003,19,0.04,0.37884,0,0.521684900662899,785.1593999999998,3.923294,42.99999502517711
Central African Republic,2004,23,0,0.37966,0,1.1580614893891896,817.1707000000001,3.987896,44.000016107599464
Central African Republic,2005,8,0,0.38066,0,1.8589974864124414,810.0349999999999,4.055608,45.00002296034146
Chad,2001,230,0,0.2167,0,1.7891027398675448,1067.9479999999999,8.663599000000001,40.999997265123476
Chad,2002,297,0,0.21702000000000002,0,0.8443246263717674,1115.0369999999996,9.002101999999999,42.00001603210159
Chad,2003,37,0,0.21735,0,1.4180351095426362,1231.115,9.353515999999999,42.99999502517711
Chad,2004,78,0,0.21768,0,1.0233279294408857,1584.6729999999995,9.710497999999998,44.000016107599464
Chad,2005,267,0,0.21800999999999998,0,0.615623933494666,1793.407000000001,10.06793,45.00002296034146
Chile,2001,0,0,0.86363,1,0.7518992442607646,14613.800000000003,15.35842,182.99997203002212
Chile,2002,0,0,0.8664799999999999,1,0.5072365351183713,14895.540000000008,15.544549999999996,184.00004459995202
Chile,2003,0,0,0.8692200000000002,1,0.8664228872626878,15332.29999999999,15.729269999999998,185.0000323605127
Chile,2004,0,0,0.8718700000000003,1,0.8509601038138962,16258.389999999987,15.913119999999996,186.00006068935448
Chile,2005,0,0,0.8744299999999999,1,0.467368121942652,17007.579999999998,16.09657,187.00007164820602
China,2001,0,0.0109,0.37093000000000004,0,0.3224798061024933,3980.3650000000002,1271.85,300.999920310599
China,2002,0,0.0109,0.38425,0,0.1794039292926318,4314.792000000004,1280.4000000000005,301.9999947527889
China,2003,0,0.0109,0.39776000000000006,0,0.0741029349015653,4718.326000000002,1288.4000000000005,303.000058930667
China,2004,0,0.0109,0.41144,0,0.4044510133727081,5164.6410000000005,1296.075,304.0000907725221
China,2005,12,0.0109,0.42522,0,1.8375412979757366,5719.456,1303.7199999999998,305.00006813474704
Colombia,2001,2357,0,0.7238,1,1.780706997555727,8327.070000000003,40.98891,171.00007583806192
Colombia,2002,3427,0,0.7268300000000001,1,1.9746905753637012,8415.758999999995,41.57249,171.99991798810564
Colombia,2003,1190,0,0.7298399999999999,1,1.8511511279196664,8625.246999999992,42.15215,173.00007015189854
Colombia,2004,1781,0,0.7328399999999998,1,1.926047900715256,8963.595999999992,42.72416,173.9999479366798
Colombia,2005,1702,0,0.7358100000000001,1,1.896026934552507,9263.730000000007,43.285639999999994,175.00000456338515
Comoros,2001,0,0,0.28036,0,0.7020311217634846,1478.578,0.561525,25.999986011445234
Comoros,2002,0,0,0.27992,0,0.11034980917572976,1476.844,0.5754279999999999,27.000003617883362
Comoros,2003,0,0,0.27947,0,0.6500244843509049,1472.4140000000004,0.5895,28.00001371509765
Comoros,2004,0,0.016,0.27903,0,0.5648594616489369,1465.457,0.603869,29.000004930392674
Comoros,2005,0,0.08,0.27873000000000003,0,0.5891276068772282,1471.5590000000004,0.618632,29.999988550137516
Congo,2001,3,0,0.5915600000000001,0,1.327597288494846,4524.1709999999985,3.2399859999999996,40.999997265123476
Congo,2002,234,0,0.59617,0,1.0637718528172142,4604.574999999999,3.330421,42.00001603210159
Congo,2003,33,0,0.60076,0,1.2741292839798797,4515.665999999998,3.414253,42.99999502517711
Congo,2004,0,0,0.60533,0,0.26783978390785396,4539.274,3.5037420000000004,44.000016107599464
Congo,2005,15,0,0.60988,0,1.5332497961892186,4742.935999999999,3.6040019999999995,45.00002296034146
"Congo, DRC",2001,1341,0.02,0.35587,0,1.0914137807296984,545.8515999999998,49.44901999999999,40.999997265123476
"Congo, DRC",2002,7877,0.02,0.36055,0,1.2215892736537148,545.6887999999998,50.97141,42.00001603210159
"Congo, DRC",2003,3855,0.02,0.36526000000000003,0,0.8452749581767665,558.7015,52.60221,42.99999502517711
"Congo, DRC",2004,799,0,0.37,0,0.5011518202908337,577.8607000000002,54.31485000000001,44.000016107599464
"Congo, DRC",2005,278,0,0.37478,0,0.6515303947157227,594.0770000000001,56.08953000000002,45.00002296034146
Costa Rica,2001,0,0,0.60407,1,0.2394810698318551,10040.570000000007,3.9968,160.9999412375122
Costa Rica,2002,0,0,0.6175100000000001,1,1.1762814134202757,10201.589999999991,4.063208,161.99994569236281
Costa Rica,2003,0,0,0.6307699999999999,1,0.5008876949705765,10473.920000000002,4.12597,162.99996726850102
Costa Rica,2004,0,0,0.64385,1,0.08491433439416578,10768.739999999998,4.187039,163.99992983684655
Costa Rica,2005,0,0,0.65669,1,0.8033544414269761,11025.479999999992,4.247843,165.00008680642708
Cote d'Ivoire,2001,2,0.34,0.5635918,1,1.591075000083349,2889.9459999999995,16.865380000000002,40.999997265123476
Cote d'Ivoire,2002,1028,0.34,0.5635918,1,1.6559730111499376,2788.3469999999993,17.18542,42.00001603210159
Cote d'Ivoire,2003,492,0,0.5635918,1,1.970281909377571,2701.7700000000004,17.491539999999997,42.99999502517711
Cote d'Ivoire,2004,304,0,0.5635918,1,1.7641426230705268,2686.6659999999993,17.802520000000005,44.000016107599464
Cote d'Ivoire,2005,153,0,0.5635918,1,1.6615565528431417,2682.449,18.132699999999996,45.00002296034146
Croatia,2001,0,0.047,0.55725,1,0.8508316264412715,16231.730000000009,4.44,9.999999070059587
Croatia,2002,0,0.047,0.5587600000000001,1,0.6371716461027879,17083.320000000003,4.44,10.999996999218334
Croatia,2003,0,0.047,0.5604,1,0.48145996696418153,18032.799999999985,4.44,12.000004202544735
Croatia,2004,0,0.047,0.56217,1,0.9738991798990336,18773.269999999997,4.439,13.000008353002707
Croatia,2005,0,0.047,0.5640600000000001,1,0.17811692620576824,19541.730000000007,4.442,13.999995385387143
Cuba,2001,0,0,0.75555,0,0.008311992372816893,7179.132999999998,11.151470000000002,99.00001483667667
Cuba,2002,0,0,0.7578499999999999,0,0.07444558073922529,7268.033000000004,11.18454,99.99998140119244
Cuba,2003,0,0,0.75947,0,0.1567770340055041,7548.049999999995,11.21484,100.9999477990463
Cuba,2004,0,0,0.7604099999999999,0,0.18797398036367033,8004.873999999999,11.240679999999998,102.00001904500628
Cuba,2005,0,0,0.76134,0,0.1510783442630898,8967.593999999997,11.261050000000001,103.00000121234753
Cyprus,2001,0,0,0.6876899999999999,1,0.8152924413768132,30835.11000000001,0.961482,40.999997265123476
Cyprus,2002,0,0,0.68694,1,1.1289500794554874,31519.930000000022,0.979883,42.00001603210159
Cyprus,2003,0,0,0.68553,1,1.2398644605821745,31910.139999999974,0.99815,42.99999502517711
Cyprus,2004,0,0,0.6840999999999999,1,0.9612741433769465,32925.14,1.015827,44.000016107599464
Cyprus,2005,0,0,0.68268,1,0.7996258521171008,33663.07000000003,1.032586,45.00002296034146
Czech Republic,2001,0,0,0.7387699999999999,1,0.8196967037159159,21892.480000000018,10.216610000000001,8.00000366656215
Czech Republic,2002,0,0,0.73809,1,0.48243506781439294,22297.220000000012,10.196919999999999,9.00000380397483
Czech Republic,2003,0,0,0.73739999999999994,1,0.46316043486203995,23107.199999999993,10.194000000000003,9.999999070059587
Czech Republic,2004,0,0,0.7367100000000001,1,0.5526333721484245,24233.6,10.197100000000002,10.999996999218334
Czech Republic,2005,0,0,0.73602,1,0.1828126581455674,25781.210000000017,10.21122,12.000004202544735
Denmark,2001,0,0,0.8515,1,0.4481678972295485,42533.540000000015,5.358783,300.999920310599
Denmark,2002,0,0,0.8525,1,0.40507165948860346,42595.590000000004,5.375931,301.9999947527889
Denmark,2003,0,0,0.8536,1,0.3977139949154108,42645.58,5.390573999999999,303.000058930667
Denmark,2004,0,0,0.85566,1,0.04783276269925759,43670.44999999997,5.404523,304.0000907725221
Denmark,2005,0,0,0.8585600000000002,1,0.2506581374473124,44567.93,5.419432,305.00006813474704
Djibouti,2001,0,0,0.76578,0,0.1555513203377556,2006.2329999999993,0.734088,24.00000407164965
Djibouti,2002,0,0,0.7662399999999999,0,0.11375246854439382,1867.7339999999992,0.745459,25.000004378295362
Djibouti,2003,0,0,0.7667,0,0.20945050938415802,1900.1800000000003,0.756656,25.999986011445234
Djibouti,2004,0,0,0.7671600000000002,0,0.1346626152880582,2040.2799999999993,0.767644,27.000003617883362
Djibouti,2005,0,0,0.7676100000000002,0,0.12037035035046038,2011.0810000000006,0.778406,28.00001371509765
Dominica,2001,0,0,0.63043,0,0.015398775326565372,11040.59000000001,25.515789999999996,36.00000221558012
Dominica,2002,0,0,0.63043,0,0.09344511608442524,11040.59000000001,25.515789999999996,36.00000221558012
Dominica,2003,0,0,0.63043,0,0.020358791929394937,11040.59000000001,25.515789999999996,36.00000221558012
Dominica,2004,0,0,0.63043,0,0.21645643762463235,11040.59000000001,25.515789999999996,36.00000221558012
Dominica,2005,0,0,0.63043,0,0.29421818649221676,11040.59000000001,25.515789999999996,36.00000221558012
Dominican Republic,2001,0,0,0.62556,1,0.3845083301429916,8272.126999999997,8.697127,157.00003056031858
Dominican Republic,2002,0,0,0.63361,1,1.3398415737681277,8511.690000000004,8.832286,157.99999478173933
Dominican Republic,2003,0,0,0.6459600000000001,1,0.10253727565878071,8270.294000000005,8.967759,158.9999678469864
Dominican Republic,2004,0,0,0.65995,1,0.3001892490652739,8356.826,9.102997000000002,160.00002956259036
Dominican Republic,2005,0,0,0.6736399999999999,1,0.5601992947766651,9011.511999999999,9.237564999999998,160.9999412375122
Ecuador,2001,2,0,0.60799,1,1.614678939923956,7550.256999999996,12.852749999999999,171.00007583806192
Ecuador,2002,0,0,0.6111800000000001,1,0.8060766792484838,7727.7170000000015,13.072060000000002,171.99991798810564
Ecuador,2003,26,0,0.61316,1,1.9231270428904519,7808.191999999997,13.2896,173.00007015189854
Ecuador,2004,0,0,0.61514,1,0.15022732598371805,8311.701000000005,13.509650000000002,173.9999479366798
Ecuador,2005,0,0,0.6171100000000002,1,0.6450633730101422,8607.766000000001,13.73523,175.00000456338515
Egypt,2001,0,0,0.42843000000000003,0,0.015255780446338464,7507.687999999994,69.59995000000004,79.00001165510618
Egypt,2002,0,0,0.42889000000000005,0,0.5327785542927962,7541.323999999998,70.90871000000003,80.0000292260948
Egypt,2003,0,0,0.42935,0,0.3358464303737506,7635.660999999995,72.24763,80.99998747153342
Egypt,2004,35,0,0.42981,0,0.664815933718034,7800.348999999995,73.59606999999997,81.99997972433374
Egypt,2005,124,0,0.43027,0,1.8179848801677558,8001.5170000000035,74.94211999999995,82.99994955289773
El Salvador,2001,0,0,0.59464,1,1.200551706158109,5668.828999999999,5.8447379999999995,160.9999412375122
El Salvador,2002,0,0,0.60014,1,0.3874078844999615,5725.156000000005,5.874300999999999,161.99994569236281
El Salvador,2003,0,0,0.6056100000000001,1,0.2613209819608717,5784.185000000005,5.900929,162.99996726850102
El Salvador,2004,0,0,0.61107,1,1.278346383456788,5807.273000000003,5.925089,163.99992983684655
El Salvador,2005,0,0,0.61648,1,1.227317225049883,5936.618999999999,5.947206,165.00008680642708
Equatorial Guinea,2001,0,0,0.38799999999999996,0,0.47790958846639847,16931.999999999985,0.549007,33.00001447160934
Equatorial Guinea,2002,0,0,0.38793999999999995,0,0.05325457285787445,19418.69999999999,0.5676640000000001,34.000016163054354
Equatorial Guinea,2003,0,0,0.38802,0,0.2638368072480522,21230.110000000015,0.5867720000000001,34.9999978478706
Equatorial Guinea,2004,0,0.63,0.38822,0,0.29509712581123226,28076.350000000002,0.606201,36.00000221558012
Equatorial Guinea,2005,0,0.87,0.38856,0,0.5407493619199283,31372.079999999984,0.625866,37.000003232163834
Eritrea,2001,0,0.07,0.17796,0,0.6635858431898896,1771.687,3.655006,8.00000366656215
Eritrea,2002,0,0.07,0.18048999999999998,0,0.6669375107739656,1765.6039999999994,3.7885320000000005,9.00000380397483
Eritrea,2003,57,0.07,0.18315,0,1.4337726837857858,1661.8790000000001,3.9284080000000006,9.999999070059587
Eritrea,2004,0,0.07,0.18594999999999998,0,0.5199429377290188,1633.4160000000004,4.064958,10.999996999218334
Eritrea,2005,0,0.07,0.18889,0,0.0025068764460110106,1628.8699999999994,4.191273000000002,12.000004202544735
Estonia,2001,0,0,0.69242,1,0.37662699838927943,16803.51999999999,1.388115,9.999999070059587
Estonia,2002,0,0,0.69116,1,0.2729409195098095,17937.829999999998,1.37935,10.999996999218334
Estonia,2003,0,0,0.6898899999999999,1,0.5371597033811873,19389.439999999984,1.3707200000000002,12.000004202544735
Estonia,2004,0,0,0.6886199999999999,1,0.060430525568937896,20733.54,1.36255,13.000008353002707
Estonia,2005,0,0,0.68735,1,0.5597287528638379,22807.17999999999,1.354775,13.999995385387143
Ethiopia,2001,388,0.0795,0.14926999999999999,0,1.3593029025505623,650.4534999999998,68.39313,146.00005523059335
Ethiopia,2002,809,0.0795,0.15118,0,1.3571801962632175,641.527,70.39116999999995,147.00006074353837
Ethiopia,2003,1093,0.0795,0.15310000000000001,0,1.7484743510251866,609.9424,72.43229000000004,147.99995948291655
Ethiopia,2004,475,0.0807,0.15503999999999998,0,1.6197988913979755,673.4260000000002,74.50697000000001,148.99995441413355
Ethiopia,2005,290,0.0807,0.157,0,1.1279906515146139,732.3805000000001,76.60843,149.99995588556808
Fiji,2001,0,0,0.483,0,0.3252301401202567,6782.283999999999,0.8142149999999999,30.999993660961117
Fiji,2002,0,0,0.48692,1,0.3724800931141712,6986.678000000003,0.8156909999999999,32.000003110408905
Fiji,2003,0,0,0.49085,1,0.9275639216392999,7048.448000000003,0.8166260000000001,33.00001447160934
Fiji,2004,0,0,0.49479,1,0.04260983120855642,7406.3619999999955,0.818355,34.000016163054354
Fiji,2005,0,0,0.49871000000000004,1,0.7641394519373844,7426.778999999997,0.8218200000000001,34.9999978478706
Finland,2001,0,0,0.82368,1,1.1555718504223227,35706.15000000003,5.188008,84.00001689716338
Finland,2002,0,0,0.8250299999999998,1,0.4091773978322023,36218.240000000005,5.200597999999999,84.99997819832602
Finland,2003,0,0,0.8263799999999998,1,0.5428169502371457,36852.44999999997,5.213014,85.99997452220214
Finland,2004,0,0,0.82772,1,0.4686609884033259,38188.25000000001,5.228172,86.99998967705181
Finland,2005,0,0,0.8290500000000001,1,1.0087922853438183,39115.770000000004,5.246095999999999,88.00001632591938
France,2001,0,0.006,0.76127,1,0.873777742418968,35304.72999999998,61.357430000000036,300.999920310599
France,2002,0,0.006,0.7637999999999999,1,1.1442792198486162,35440.92000000003,61.80527,301.9999947527889
France,2003,0,0.006,0.76632,1,0.011878292382732034,35479.00999999998,62.24488000000001,303.000058930667
France,2004,0,0.006,0.7688299999999999,1,0.5085084377116571,36200.07000000003,62.7049,304.0000907725221
France,2005,0,0.006,0.7713,1,1.1930463532372844,36505.84999999998,63.179360000000024,305.00006813474704
Gabon,2001,0,0,0.8085,0,0.18570295368821826,17714.38000000001,1.260435,40.999997265123476
Gabon,2002,0,0,0.81565,0,0.1179424768769648,17231.379999999997,1.289192,42.00001603210159
Gabon,2003,0,0,0.8223,0,0.01677842241162434,17171.079999999998,1.318093,42.99999502517711
Gabon,2004,0,0,0.8284700000000003,0,0.004617548117514227,16832.480000000003,1.347524,44.000016107599464
Gabon,2005,0,0,0.8342100000000001,0,0.07471070190176596,16803.550000000007,1.377777,45.00002296034146
Georgia,2001,0,0,0.52398,0,0.2582370200790558,3445.578999999997,4.3864,9.999999070059587
Georgia,2002,0,0,0.52293,0,0.22337151715876302,3658.707999999999,4.357,10.999996999218334
Georgia,2003,0,0,0.52352,0,0.2677690412317216,4116.195999999999,4.301,12.000004202544735
Georgia,2004,27,0,0.52411,1,1.5751809433863218,4414.777000000001,4.245,13.000008353002707
Georgia,2005,0,0,0.5246999999999999,1,1.0601420015870826,4902.093,4.19,13.999995385387143
Germany,2001,0,0,0.73113,1,0.8006670445866302,37325.05,82.34992000000003,52.00001463376783
Germany,2002,0,0,0.7317399999999998,1,1.0922102743630717,37262.34999999999,82.48848999999997,53.00000458173775
Germany,2003,0,0,0.73233,1,0.49694227155797877,36977.35000000003,82.53418,53.999997485529235
Germany,2004,0,0,0.73289,1,0.5708989721135656,37418.08999999998,82.51625999999999,54.99998981221505
Germany,2005,0,0,0.73355,1,0.6241427814921713,37703.92999999999,82.46942000000003,56.00001731883431
Ghana,2001,50,0,0.4460100000000001,1,1.5072560482528945,2291.016000000001,19.2938,44.000016107599464
Ghana,2002,36,0,0.45275,1,1.5232554627052741,2333.681999999999,19.788180000000004,45.00002296034146
Ghana,2003,0,0,0.45951000000000003,1,0.4034265912723611,2392.325999999999,20.305400000000002,45.99998176150525
Ghana,2004,0,0,0.46630000000000005,1,0.3121326605283655,2461.322,20.84049,46.99997171963577
Ghana,2005,0,0,0.47308,1,0.15367218679205516,2539.329,21.389510000000005,47.999999476421245
Greece,2001,0,0.03,0.72913,1,0.46998471168095707,25731.209999999995,10.862129999999999,173.00007015189854
Greece,2002,0,0.03,0.73303,1,0.5413648322884809,26642.769999999982,10.90202,173.9999479366798
Greece,2003,0,0.03,0.7368899999999999,1,0.7931077612154862,28119.41,10.928069999999998,175.00000456338515
Greece,2004,0,0.03,0.7407300000000002,1,0.5709564410689496,29469.530000000002,10.955140000000002,176.0000008732853
Greece,2005,0,0.03,0.74452,1,0.21432610859415493,29559.279999999977,10.987310000000003,177.00004733443853
Grenada,2001,0,0,0.63043,0,0.045921782683886116,11040.59000000001,25.515789999999996,36.00000221558012
Grenada,2002,0,0,0.63043,0,0.18179791323117445,11040.59000000001,25.515789999999996,36.00000221558012
Grenada,2003,0,0,0.63043,0,0.10969072961067314,11040.59000000001,25.515789999999996,36.00000221558012
Grenada,2004,0,0,0.63043,0,0.23886526191433888,11040.59000000001,25.515789999999996,36.00000221558012
Grenada,2005,0,0,0.63043,0,0.20511412775229426,11040.59000000001,25.515789999999996,36.00000221558012
Guatemala,2001,5,0,0.45531999999999995,1,1.567954775391398,6069.478000000004,11.976719999999998,160.9999412375122
Guatemala,2002,2,0,0.45937,1,1.6212981231056782,6157.566000000002,12.27221,161.99994569236281
Guatemala,2003,0,0,0.46344,1,0.7007966583973355,6166.1119999999955,12.57335,162.99996726850102
Guatemala,2004,1,0,0.46756,1,1.9469078444408718,6213.130000000005,12.87771,163.99992983684655
Guatemala,2005,58,0,0.47172,1,1.807061875056401,6269.156000000002,13.183510000000002,165.00008680642708
Guinea,2001,430,0,0.31355,0,0.6750279025900527,1445.9150000000004,8.955756,42.99999502517711
Guinea,2002,0,0,0.31702,0,0.005925565288262441,1492.932,9.114287,44.000016107599464
Guinea,2003,0,0,0.3206,0,0.4821094528877642,1483.5649999999998,9.281572000000002,45.00002296034146
Guinea,2004,0,0,0.32428000000000007,0,0.6080334661768935,1489.4239999999998,9.464771,45.99998176150525
Guinea,2005,3,0,0.32807,0,0.7537833097686548,1504.0309999999995,9.669023000000001,46.99997171963577
Guinea-Bissau,2001,0,0,0.37482,0,0.3544642263423186,1366.493,1.343646,27.000003617883362
Guinea-Bissau,2002,0,0,0.38318000000000013,0,0.5773576551151135,1325.8229999999996,1.372367,28.00001371509765
Guinea-Bissau,2003,0,0,0.39161999999999997,0,0.054591250707642175,1305.4260000000004,1.401716,29.000004930392674
Guinea-Bissau,2004,0,0,0.4001300000000001,0,0.38475542374619043,1312.5230000000004,1.431816,29.999988550137516
Guinea-Bissau,2005,0,0,0.40867,0,0.4640503938035737,1338.2960000000003,1.462784,30.999993660961117
Guyana,2001,0,0,0.28606000000000004,1,0.4636578123092931,4630.024999999996,0.743163,34.9999978478706
Guyana,2002,0,0,0.28518,1,0.6900921690796828,4681.044999999999,0.743107,36.00000221558012
Guyana,2003,0,0,0.28431,1,1.4574047355804778,4634.154999999999,0.742537,37.000003232163834
Guyana,2004,0,0,0.28358,1,0.13809560423697811,4788.105999999997,0.742162,37.999993930397835
Guyana,2005,0,0,0.28301,1,1.2181623839934286,4698.821000000004,0.742495,39.00001380094624
Haiti,2001,0,0,0.37250999999999995,0,0.4464051255815337,1692.8390000000004,8.692563999999997,66.9999585008181
Haiti,2002,0,0,0.38935000000000003,0,0.07141469467773567,1661.4090000000006,8.834739000000003,68.00002004802772
Haiti,2003,0,0,0.40645000000000003,0,0.07199793727387442,1641.1100000000006,8.976555000000003,69.00003418279756
Haiti,2004,231,0,0.42381,0,1.0428936095956574,1558.5320000000002,9.119182,69.99998305654692
Haiti,2005,40,0,0.44084,0,1.8837925767053476,1561.9600000000005,9.263408999999998,71.00000873006718
Honduras,2001,0,0,0.45964,0,0.1259721109441202,3332.9319999999975,6.371304,160.9999412375122
Honduras,2002,1,0,0.46593,0,1.2689072025854258,3372.357,6.499001000000001,161.99994569236281
Honduras,2003,47,0,0.47232999999999997,0,1.5448244448327786,3440.1540000000014,6.626303999999998,162.99996726850102
Honduras,2004,30,0,0.47875,0,1.6954966627323302,3568.148000000003,6.753352000000001,163.99992983684655
Honduras,2005,0,0,0.48516000000000015,0,0.22433318806223565,3697.1699999999987,6.880180999999998,165.00008680642708
Hungary,2001,0,0,0.6467,1,1.080508490645117,18683.979999999985,10.187579999999999,82.99994955289773
Hungary,2002,0,0,0.65081,1,0.49642947723485303,19585.72,10.15861,84.00001689716338
Hungary,2003,0,0,0.6548899999999999,1,0.21316457026488148,20397.85000000001,10.129549999999998,84.99997819832602
Hungary,2004,0,0,0.65896,1,0.8059117030778155,21466.22000000002,10.107150000000003,85.99997452220214
Hungary,2005,0,0,0.66354,1,0.9194476635456504,22452.820000000007,10.087059999999997,86.99998967705181
Iceland,2001,0,0.7,0.9253199999999999,1,0.041575487640909854,34914.54999999998,0.284968,56.9999847334327
Iceland,2002,0,0.7,0.9266200000000001,1,0.053073984122979444,34794.79000000003,0.28752300000000003,57.9999993883077
Iceland,2003,0,0.7,0.92789,1,0.5273365450786147,35369.02000000001,0.28952100000000003,59.00003280957166
Iceland,2004,0,0.7,0.92914,1,0.29072403219184845,37890.70000000001,0.292074,60.00002626667969
Iceland,2005,0,0.7,0.93037,1,0.6832579781158269,39679.03999999999,0.296734,61.00000828542857
India,2001,1716,0,0.27918000000000004,1,1.9940664899975946,2570.427999999999,1071.8880000000001,53.999997485529235
India,2002,2900,0,0.28244,1,1.945211482220916,2623.3299999999995,1090.1890000000003,54.99998981221505
India,2003,2243,0,0.28572,1,1.5270771861688048,2783.004,1108.3699999999997,56.00001731883431
India,2004,1767,0,0.28903,1,1.4721870849762322,2955.2050000000013,1126.419,56.9999847334327
India,2005,2015,0,0.29235,1,1.803289671518933,3178.829000000001,1144.3259999999996,57.9999993883077
Indonesia,2001,0,0.02,0.42782,1,0.4356564744357951,5934.1370000000015,214.44830000000007,56.00001731883431
Indonesia,2002,460,0.02,0.43566000000000005,1,1.7150245564637192,6115.567999999999,217.3691,56.9999847334327
Indonesia,2003,1068,0.02,0.44353000000000004,1,1.8905940529790404,6319.669999999998,220.30780000000001,57.9999993883077
Indonesia,2004,1082,0.02,0.45145,1,1.8428994231580988,6546.493999999998,223.26860000000008,59.00003280957166
Indonesia,2005,242,0,0.45937,1,1.9075168141718815,6824.606000000004,226.25469999999996,60.00002626667969
Iran,2001,112,0.1545,0.6475799999999999,0,0.7027397945203632,13047.45000000001,66.81274000000003,300.999920310599
Iran,2002,0,0.1545,0.65468,0,0.23510036839751525,13812.829999999989,67.69667999999999,301.9999947527889
Iran,2003,2,0.1545,0.66172,0,1.025567785399463,14838.299999999997,68.52207000000001,303.000058930667
Iran,2004,0,0.1545,0.66869,0,0.056885929258386606,15308.46000000001,69.32194999999997,304.0000907725221
Iran,2005,29,0.1545,0.6755800000000001,0,1.1417718533908203,15616.250000000007,70.12212000000001,305.00006813474704
Iraq,2001,27,0.63,0.6855,0,0.8862675015609711,12105.03000000001,24.258790000000005,69.00003418279756
Iraq,2002,111,0.63,0.68604,0,1.3895856955161225,10959.020000000004,24.943790000000003,69.99998305654692
Iraq,2003,7999,0.63,0.68658,0,1.6795918667847198,7134.575000000003,25.63043,71.00000873006718
Iraq,2004,4365,0,0.6871200000000001,0,1.823529472951777,10710.550000000005,26.320529999999998,71.99999143084456
Iraq,2005,3521,0,0.68766,0,0.921509237759849,10895.45999999999,27.017709999999997,73.00004079617888
Ireland,2001,0,0,0.59395,1,0.4221154105825466,40455.29999999998,3.866243,80.0000292260948
Ireland,2002,0,0,0.59649,1,1.1552382797505265,42289.07000000003,3.931947,80.99998747153342
Ireland,2003,0,0,0.59925,1,0.1467238503815606,42903.67,3.9965210000000004,81.99997972433374
Ireland,2004,0,0,0.60202,1,1.3126151837137527,44940.950000000004,4.0702620000000005,82.99994955289773
Ireland,2005,0,0,0.6047699999999999,1,0.7560512552550669,46613.560000000034,4.159914,84.00001689716338
Israel,2001,355,0.31,0.91267,0,1.052758963938423,26206.440000000017,6.439,53.00000458173775
Israel,2002,888,0.31,0.9133,0,1.337922240040195,25725.469999999983,6.57,53.999997485529235
Israel,2003,471,0.31,0.91393,0,1.175179652060417,25459.079999999994,6.6897,54.99998981221505
Israel,2004,514,0.31,0.91456,0,1.260879041209221,26156.03999999998,6.809,56.00001731883431
Israel,2005,211,0.31,0.91518,0,1.2553879823341267,26761.230000000014,6.9301,56.9999847334327
Italy,2001,0,0.001,0.67282,1,1.268931219502436,37162.42000000002,56.97410000000001,281.00009291723325
Italy,2002,0,0.001,0.6738200000000001,1,0.8232895002912729,37199.35000000001,57.05901,281.99997999545263
Italy,2003,0,0.001,0.67501,1,0.8145146557147079,37090.41000000003,57.31320000000001,283.0000289669652
Italy,2004,0,0.001,0.6762,1,0.38917651773323303,37434.099999999984,57.68533000000002,283.99993236222554
Italy,2005,0,0.001,0.67738,1,0.721542835191535,37604.35999999997,57.96947999999998,284.99994862343925
Jamaica,2001,116,0,0.5205299999999999,1,1.617602881005928,7977.436000000001,2.605556,39.00001380094624
Jamaica,2002,15,0,0.5225100000000001,1,1.8170342355352571,8081.118000000003,2.615253,39.999981835446675
Jamaica,2003,7,0,0.52437,1,1.8083276135326387,8324.692999999996,2.624695,40.999997265123476
Jamaica,2004,0,0,0.52625,1,1.003562108495389,8384.61,2.634145,42.00001603210159
Jamaica,2005,0,0,0.5281100000000001,1,0.9109267070757667,8410.557999999994,2.643601,42.99999502517711
Japan,2001,0,0,0.79989999999999994,1,0.520382744055055,33927.64000000001,127.14899999999999,186.00006068935448
Japan,2002,0,0,0.8164699999999998,1,0.5178437965028454,33888.779999999984,127.44500000000002,187.00007164820602
Japan,2003,0,0,0.83196,1,0.10935729298601858,34333.130000000005,127.71799999999998,188.00000698796973
Japan,2004,0,0,0.8464,1,0.32568051138073206,35078.26,127.76100000000002,188.99999715372763
Japan,2005,0,0,0.85978,1,0.6878541127064638,35658.14999999999,127.773,189.99998628950806
Jordan,2001,0,0.5,0.8008700000000001,0,0.1370667926154192,7483.646999999997,4.917000000000001,54.99998981221505
Jordan,2002,0,0.5,0.8036399999999998,0,0.02695835889729674,7775.789999999994,5.038,56.00001731883431
Jordan,2003,0,0.5,0.8063800000000001,0,0.15752241490004576,7935.331000000003,5.164,56.9999847334327
Jordan,2004,0,0.5,0.8090899999999998,0,0.03468232896944513,8399.123999999994,5.29,57.9999993883077
Jordan,2005,59,0.5,0.8117699999999998,0,1.7479271396564715,8799.590000000006,5.4110000000000005,59.00003280957166
Kazakhstan,2001,0,0,0.55527,0,0.17066878981831482,11314.249999999993,14.858329999999999,9.999999070059587
Kazakhstan,2002,0,0,0.55326,0,0.42719051186210477,12422.539999999992,14.85895,10.999996999218334
Kazakhstan,2003,0,0,0.5512400000000001,0,0.020459977618809785,13532.22999999999,14.909020000000003,12.000004202544735
Kazakhstan,2004,0,0,0.5492100000000001,0,0.4414408273851172,14728.620000000003,15.012990000000004,13.000008353002707
Kazakhstan,2005,0,0,0.5471900000000001,0,0.20980040171246506,16014.31,15.147030000000003,13.999995385387143
Kenya,2001,192,0.41,0.20239000000000001,0,0.790471477290718,2153.126,31.863280000000003,37.999993930397835
Kenya,2002,32,0.41,0.20591,0,1.0214084099842444,2106.7259999999997,32.69198,39.00001380094624
Kenya,2003,7,0,0.20948,1,1.3979893904413283,2110.2529999999992,33.551080000000006,39.999981835446675
Kenya,2004,20,0,0.21309999999999998,1,1.498791236017598,2158.2680000000005,34.437459999999994,40.999997265123476
Kenya,2005,215,0,0.21675,1,1.3855841409929561,2224.031,35.349039999999995,42.00001603210159
Kiribati,2001,0,0,0.63043,0,0.3006820041686715,11040.59000000001,25.515789999999996,36.00000221558012
Kiribati,2002,0,0,0.63043,0,0.21489017711052902,11040.59000000001,25.515789999999996,36.00000221558012
Kiribati,2003,0,0,0.63043,0,0.2236634085785807,11040.59000000001,25.515789999999996,36.00000221558012
Kiribati,2004,0,0,0.63043,0,0.2629790624965634,11040.59000000001,25.515789999999996,36.00000221558012
Kiribati,2005,0,0,0.63043,0,0.038887409117894706,11040.59000000001,25.515789999999996,36.00000221558012
Kosovo,2001,0,0,0.6528529000000001,1,0.7387525989773259,7524.844000000004,1.751685,1
Kosovo,2002,0,0,0.6528529000000001,1,0.2798760656830249,7524.844000000004,1.751685,1
Kosovo,2003,0,0,0.6528529000000001,1,1.1963189544616712,7524.844000000004,1.751685,1
Kosovo,2004,0,0,0.6528529000000001,1,0.2973836201396678,7524.844000000004,1.751685,1
Kosovo,2005,0,0,0.6528529000000001,1,0.26590067752242114,7524.844000000004,1.751685,1
Kuwait,2001,0,0.03,0.98128,0,0.012455672071315321,68472.83,1.990022,39.999981835446675
Kuwait,2002,0,0.03,0.98142,0,0.010114212558204331,69392.76999999999,2.042215,40.999997265123476
Kuwait,2003,0,0.03,0.9815699999999999,0,0.015706615439194768,80462.60000000006,2.095993,42.00001603210159
Kuwait,2004,0,0.03,0.9817199999999999,0,0.017988424174143074,87555.16000000006,2.166344,42.99999502517711
Kuwait,2005,0,0.03,0.98187,0,0.012854207978886537,93469.55,2.263604,44.000016107599464
Kyrgyzstan,2001,0,0,0.35296,0,0.16615091044843197,2164.268,4.9451,9.999999070059587
Kyrgyzstan,2002,0,0,0.35295000000000004,0,0.5046957261762581,2144.121,4.9907,10.999996999218334
Kyrgyzstan,2003,0,0,0.35292999999999997,0,0.4446180540107936,2270.9250000000006,5.0433,12.000004202544735
Kyrgyzstan,2004,0,0,0.35292,0,0.17482022440358996,2401.2649999999994,5.1047,13.000008353002707
Kyrgyzstan,2005,0,0,0.3529,0,0.2632076889614342,2370.1659999999993,5.1626,13.999995385387143
Laos,2001,0,0.08,0.22993,0,0.516309088764363,2586.5660000000003,5.424701,46.99997171963577
Laos,2002,4,0.08,0.24044000000000001,0,0.2550646744293347,2698.441000000001,5.50234,47.999999476421245
Laos,2003,5,0.08,0.25126000000000004,0,1.2829910056454874,2819.8960000000006,5.579002999999999,48.99998539258148
Laos,2004,4,0.08,0.26242,0,0.828863405665229,2954.1999999999994,5.658894,49.99999972859274
Laos,2005,0,0.08,0.27386,0,0.15802643630869687,3114.998000000003,5.745012000000001,51.00001873106283
Latvia,2001,0,0,0.6795,1,1.144225047586253,12051.859999999993,2.33717,9.999999070059587
Latvia,2002,0,0,0.6785,1,0.8178345495153916,13058.749999999998,2.310173,10.999996999218334
Latvia,2003,0,0,0.6779999999999999,1,0.6782667934838683,14297.200000000012,2.287955,12.000004202544735
Latvia,2004,0,0,0.679,1,1.3069555743725505,15658.909999999996,2.263122,13.000008353002707
Latvia,2005,0,0,0.68,1,0.1562749093584716,17522.269999999997,2.238799,13.999995385387143
Lebanon,2001,4,0.1,0.86115,0,1.606218418472889,12534.639999999989,3.359875,56.9999847334327
Lebanon,2002,0,0.1,0.8623100000000002,0,0.09932002106627431,12363.020000000004,3.522842,57.9999993883077
Lebanon,2003,1,0.1,0.86348,0,1.001902992737405,12145.569999999992,3.7014640000000005,59.00003280957166
Lebanon,2004,0,0.1,0.8646600000000002,0,0.05831047934193155,12325.060000000001,3.8632710000000006,60.00002626667969
Lebanon,2005,3,0.1,0.86584,0,1.6761144776314498,12269.319999999998,3.9868650000000003,61.00000828542857
Lesotho,2001,0,0,0.20067000000000002,0,0.01359263124080142,1827.7439999999997,1.871489,34.9999978478706
Lesotho,2002,0,0,0.20597000000000001,1,1.6776387634180743,1825.1439999999996,1.885488,36.00000221558012
Lesotho,2003,0,0,0.21137,1,1.0657960018386645,1892.6619999999998,1.898778,37.000003232163834
Lesotho,2004,0,0,0.21689,1,0.8615730059261271,1909.1350000000007,1.912042,37.999993930397835
Lesotho,2005,0,0,0.22249,1,0.8169502275733812,1959.2840000000003,1.925844,39.00001380094624
Liberia,2001,481,0.067,0.44673,0,1.3648803237372031,832.4127999999997,2.99877,153.99990722832882
Liberia,2002,2259,0.067,0.45017,0,1.6993027288287714,843.5062000000003,3.0706729999999998,154.99998187751785
Liberia,2003,3281,0.067,0.45360999999999996,0,1.2208028901228682,579.1379999999999,3.124222,155.99999886907224
Liberia,2004,0,0,0.45706,0,0.4140436721204733,583.0548999999999,3.1846429999999994,157.00003056031858
Liberia,2005,0,0,0.46051000000000003,0,0.27688675152897135,597.8870000000001,3.269786,157.99999478173933
Libya,2001,0,0.156,0.76441,0,0.042377248907194,21199.380000000016,5.428303,49.99999972859274
Libya,2002,0,0.156,0.76544,0,0.15248872885242104,20665.839999999986,5.518341,51.00001873106283
Libya,2003,0,0.156,0.7665500000000001,0,0.16704612165688298,22987.91,5.609166,52.00001463376783
Libya,2004,0,0.156,0.76774,0,0.18046808769798373,23639.719999999983,5.703224,53.00000458173775
Libya,2005,0,0.156,0.769,0,0.1826587630631402,26044.49999999998,5.801543000000001,53.999997485529235
Liechtenstein,2001,0,0,0.63043,0,0.3144947094480623,11040.59000000001,25.515789999999996,36.00000221558012
Liechtenstein,2002,0,0,0.63043,0,0.2907481801749067,11040.59000000001,25.515789999999996,36.00000221558012
Liechtenstein,2003,0,0,0.63043,0,0.035878279546424745,11040.59000000001,25.515789999999996,36.00000221558012
Liechtenstein,2004,0,0,0.63043,0,0.22882573054450328,11040.59000000001,25.515789999999996,36.00000221558012
Liechtenstein,2005,0,0,0.63043,0,0.3275838457114063,11040.59000000001,25.515789999999996,36.00000221558012
Lithuania,2001,0,0,0.66919,1,0.8017598535952019,13092.729999999992,3.470818,9.999999070059587
Lithuania,2002,0,0,0.66828,1,0.5569957123129349,14090.560000000003,3.4430669999999997,10.999996999218334
Lithuania,2003,0,0,0.6673699999999999,1,0.8632609642030508,15702.53000000001,3.415213,12.000004202544735
Lithuania,2004,0,0,0.66646,1,0.22854804528787265,16920.010000000013,3.3770750000000005,13.000008353002707
Lithuania,2005,0,0,0.66635,1,0.7689940843577496,18526.730000000014,3.322528,13.999995385387143
Luxembourg,2001,0,0,0.63043,0,0.06831502631724345,11040.59000000001,25.515789999999996,36.00000221558012
Luxembourg,2002,0,0,0.63043,0,0.20893950728524008,11040.59000000001,25.515789999999996,36.00000221558012
Luxembourg,2003,0,0,0.63043,0,0.15888556194403206,11040.59000000001,25.515789999999996,36.00000221558012
Luxembourg,2004,0,0,0.63043,0,0.32100734111064577,11040.59000000001,25.515789999999996,36.00000221558012
Luxembourg,2005,0,0,0.63043,0,0.13057081617002142,11040.59000000001,25.515789999999996,36.00000221558012
Macedonia,2001,72,0,0.58339,1,1.6264213388289792,8323.415000000006,2.021585,9.999999070059587
Macedonia,2002,0,0,0.5813,1,0.10402406413976567,8422.676000000007,2.028706,10.999996999218334
Macedonia,2003,0,0,0.5792100000000001,1,0.05577980353615479,8590.986999999997,2.033974,12.000004202544735
Macedonia,2004,0,0,0.5771100000000001,1,0.0427294039607048,8976.737000000005,2.038444,13.000008353002707
Macedonia,2005,0,0,0.5752700000000001,1,0.9843759505957806,9386.027,2.042894,13.999995385387143
Madagascar,2001,0,0,0.27391,0,0.1232147968213074,1484.4080000000004,16.23577,40.999997265123476
Madagascar,2002,79,0,0.27663,0,0.4584023967631278,1257.2939999999999,16.736030000000003,42.00001603210159
Madagascar,2003,0,0,0.27936,0,0.04432629569619894,1339.2560000000003,17.245279999999998,42.99999502517711
Madagascar,2004,0,0,0.28210999999999997,0,0.49499495388165815,1368.1819999999998,17.763370000000005,44.000016107599464
Madagascar,2005,0,0,0.28814,0,0.17050809336929115,1389.5010000000004,18.290390000000002,45.00002296034146
Malawi,2001,0,0,0.14698,0,0.67466454907123,800.3842,11.491820000000002,37.000003232163834
Malawi,2002,0,0,0.14786,0,0.3706008921229234,792.4549000000001,11.788729999999997,37.999993930397835
Malawi,2003,0,0,0.14875,0,0.6626595219681622,815.7392000000002,12.090479999999998,39.00001380094624
Malawi,2004,0,0,0.14964,0,0.2925076529773604,836.9344000000001,12.407619999999998,39.999981835446675
Malawi,2005,0,0,0.15054,0,0.5673892568622856,840.1867,12.747850000000001,40.999997265123476
Malaysia,2001,0,0,0.62922,0,0.1885464110683091,16039.430000000006,23.92096,44.000016107599464
Malaysia,2002,0,0,0.63856,0,0.12651452369816601,16554.910000000003,24.40198,45.00002296034146
Malaysia,2003,0,0,0.6478,0,0.10516043310840613,17165.679999999997,24.86942,45.99998176150525
Malaysia,2004,0,0,0.6569400000000001,0,0.05378627450687344,17976.65999999999,25.332030000000003,46.99997171963577
Malaysia,2005,0,0,0.66594,0,0.30280902483801825,18577.09,25.796119999999995,47.999999476421245
Maldives,2001,0,0,0.28859,0,0.6910290845791949,9165.844999999994,0.292,36.00000221558012
Maldives,2002,0,0,0.30042,0,0.03410928663020488,9587.740000000002,0.297,37.000003232163834
Maldives,2003,0,0,0.31251999999999996,0,0.13255422820709648,10622.119999999997,0.304,37.999993930397835
Maldives,2004,0,0,0.3249,0,0.06245603031748906,10964.99999999999,0.312,39.00001380094624
Maldives,2005,0,0.2,0.3375,0,0.5778734589199302,9274.061000000007,0.32099999999999995,39.999981835446675
Mali,2001,0,0,0.29075,1,0.6307153941504657,1639.2029999999995,11.37609,40.999997265123476
Mali,2002,0,0,0.29806,1,0.021524534882935695,1639.9260000000006,11.723020000000002,42.00001603210159
Mali,2003,0,0,0.30547,1,1.6547575878949299,1734.8860000000004,12.08887,42.99999502517711
Mali,2004,20,0,0.313,1,1.6186420509661548,1706.9559999999994,12.47486,44.000016107599464
Mali,2005,12,0,0.3206,1,1.3553916797665413,1760.6939999999997,12.881380000000002,45.00002296034146
Malta,2001,0,0,0.63043,0,0.21049446231312116,11040.59000000001,25.515789999999996,36.00000221558012
Malta,2002,0,0,0.63043,0,0.20699290299616285,11040.59000000001,25.515789999999996,36.00000221558012
Malta,2003,0,0,0.63043,0,0.34273328054294916,11040.59000000001,25.515789999999996,36.00000221558012
Malta,2004,0,0,0.63043,0,0.36051058390761254,11040.59000000001,25.515789999999996,36.00000221558012
Malta,2005,0,0,0.63043,0,0.33318785279519153,11040.59000000001,25.515789999999996,36.00000221558012
Marshall Is.,2001,0,0,0.63043,0,0.04370205952469492,11040.59000000001,25.515789999999996,36.00000221558012
Marshall Is.,2002,0,0,0.63043,0,0.3047633691072324,11040.59000000001,25.515789999999996,36.00000221558012
Marshall Is.,2003,0,0,0.63043,0,0.04496335827594855,11040.59000000001,25.515789999999996,36.00000221558012
Marshall Is.,2004,0,0,0.63043,0,0.3416993020284455,11040.59000000001,25.515789999999996,36.00000221558012
Marshall Is.,2005,0,0,0.63043,0,0.2746004753069509,11040.59000000001,25.515789999999996,36.00000221558012
Mauritania,2001,0,0,0.50043,0,0.31321116989040976,2724.5929999999994,2.7965020000000003,40.999997265123476
Mauritania,2002,0,0,0.50832,0,0.4505961147917807,2663.9599999999996,2.884672,42.00001603210159
Mauritania,2003,0,0,0.5161,0,0.4507623106016312,2743.1279999999997,2.974686,42.99999502517711
Mauritania,2004,0,0,0.52375,0,0.2944806135506951,2819.0820000000012,3.064882,44.000016107599464
Mauritania,2005,0,0,0.53127,0,0.16225993103655287,2985.6909999999975,3.154087,45.00002296034146
Mauritius,2001,0,0,0.42460000000000003,1,1.3520303191051817,11272.80999999999,1.196287,33.00001447160934
Mauritius,2002,0,0,0.4225,1,1.292765525233117,11431.409999999994,1.204621,34.000016163054354
Mauritius,2003,0,0,0.4204,1,0.03630827726721764,11764.000000000007,1.21337,34.9999978478706
Mauritius,2004,0,0,0.4183,1,0.3034614566717996,12362.15999999999,1.221003,36.00000221558012
Mauritius,2005,0,0,0.41621,1,0.3755898573998292,12441.739999999998,1.2282540000000002,37.000003232163834
Mexico,2001,0,0,0.7504500000000001,1,0.8014938368279138,15415.199999999997,104.2396,180.0000268397641
Mexico,2002,26,0,0.7536499999999999,1,1.88725836943303,15218.789999999995,105.57829999999997,180.99999434088556
Mexico,2003,0,0,0.75682,1,0.8320946373400046,15251.140000000007,106.88839999999996,182.00005695203214
Mexico,2004,220,0,0.75997,1,1.9210981903057127,15648.339999999998,108.25780000000005,182.99997203002212
Mexico,2005,204,0,0.7630800000000001,1,1.8107592319172527,15791.540000000005,109.74789999999997,184.00004459995202
Micronesia,2001,0,0,0.63043,0,0.006250951049553696,11040.59000000001,25.515789999999996,36.00000221558012
Micronesia,2002,0,0,0.63043,0,0.019284557513266333,11040.59000000001,25.515789999999996,36.00000221558012
Micronesia,2003,0,0,0.63043,0,0.09458686452688649,11040.59000000001,25.515789999999996,36.00000221558012
Micronesia,2004,0,0,0.63043,0,0.2452239819453307,11040.59000000001,25.515789999999996,36.00000221558012
Micronesia,2005,0,0,0.63043,0,0.20502078295255544,11040.59000000001,25.515789999999996,36.00000221558012
Moldova,2001,0,0,0.45703999999999995,1,0.2564194433744811,2468.123999999999,3.631462,9.999999070059587
Moldova,2002,0,0,0.45604999999999996,1,0.8774989279820352,2666.8060000000005,3.623062,10.999996999218334
Moldova,2003,0,0,0.45506,1,1.1188397948934417,2850.8320000000017,3.6128740000000006,12.000004202544735
Moldova,2004,0,0,0.45407,1,0.5020522861606046,3069.3789999999985,3.6039450000000004,13.000008353002707
Moldova,2005,0,0,0.45308,1,0.6245099217629806,3307.6200000000003,3.5951870000000006,13.999995385387143
Monaco,2001,0,0,0.63043,0,0.20702071423240703,11040.59000000001,25.515789999999996,36.00000221558012
Monaco,2002,0,0,0.63043,0,0.13335198367852016,11040.59000000001,25.515789999999996,36.00000221558012
Monaco,2003,0,0,0.63043,0,0.016220452286268117,11040.59000000001,25.515789999999996,36.00000221558012
Monaco,2004,0,0,0.63043,0,0.2903462028378713,11040.59000000001,25.515789999999996,36.00000221558012
Monaco,2005,0,0,0.63043,0,0.20397020308956734,11040.59000000001,25.515789999999996,36.00000221558012
Mongolia,2001,0,0,0.58222,1,0.6939005175621435,4748.2270000000035,2.419729,80.0000292260948
Mongolia,2002,0,0,0.59304,1,0.9390884941712954,4924.3560000000025,2.443503,80.99998747153342
Mongolia,2003,0,0,0.60378,1,1.1408333746609558,5214.603000000001,2.469045,81.99997972433374
Mongolia,2004,0,0,0.6144300000000001,1,0.19170652381994063,5705.034,2.496621,82.99994955289773
Mongolia,2005,0,0,0.62494,1,1.0190181928336062,6047.135000000004,2.526447,84.00001689716338
Montenegro,2001,0,0.08,0.6238,1,0.9816552350949961,12752.899999999996,0.615025,1
Montenegro,2002,0,0.08,0.6238,1,1.2492537540908435,12752.899999999996,0.615025,1
Montenegro,2003,0,0.08,0.6238,1,0.07442438032394275,12752.899999999996,0.615025,1
Montenegro,2004,0,0.08,0.6238,1,0.9224707789127249,12752.899999999996,0.615025,1
Montenegro,2005,0,0.08,0.6238,1,1.2436634285162202,12752.899999999996,0.615025,1
Morocco,2001,0,0.016,0.53662,0,0.07509770172811579,4754.191999999996,29.25098,45.00002296034146
Morocco,2002,0,0.016,0.5399,0,0.3411562352573266,4843.989999999998,29.53559000000001,45.99998176150525
Morocco,2003,34,0.016,0.54317,0,1.9487492288741448,5071.7170000000015,29.812690000000007,46.99997171963577
Morocco,2004,0,0.016,0.54644,0,0.14075049502441658,5252.301000000002,30.09311,47.999999476421245
Morocco,2005,0,0.016,0.5512600000000001,0,0.3485358079311344,5361.6630000000005,30.38548,48.99998539258148
Mozambique,2001,0,0,0.29277000000000003,1,1.1188260957660665,615.3098000000001,18.792360000000002,25.999986011445234
Mozambique,2002,0,0,0.29457,1,1.4565244347326434,650.1525,19.348709999999997,27.000003617883362
Mozambique,2003,0,0,0.29637,1,0.0053509751865617,672.1550999999997,19.928500000000003,28.00001371509765
Mozambique,2004,1,0,0.29818,1,1.8833218471926685,703.3922000000003,20.523159999999997,29.000004930392674
Mozambique,2005,12,0,0.29999,0,1.016295035863025,742.4240000000003,21.126679999999997,29.999988550137516
Myanmar,2001,384,0.054000000000000006,0.27318000000000003,0,1.7470576701870235,1438.0330000000004,48.19568000000001,53.00000458173775
Myanmar,2002,542,0.054000000000000006,0.27689,0,1.2322079017018805,1593.458999999999,48.689949999999996,53.999997485529235
Myanmar,2003,256,0.054000000000000006,0.28081,0,1.8554915468200972,1795.5960000000002,49.15196000000001,54.99998981221505
Myanmar,2004,177,0.054000000000000006,0.28495000000000004,0,1.8262396719515672,2020.1250000000005,49.58275,56.00001731883431
Myanmar,2005,447,0.054000000000000006,0.2893,0,0.7086855721470899,2274.885,49.9847,56.9999847334327
Namibia,2001,0,0,0.32898000000000005,1,1.0025022504613361,6068.3179999999975,1.931005,10.999996999218334
Namibia,2002,5,0,0.33765999999999996,1,1.863977774795131,6266.382,1.957749,12.000004202544735
Namibia,2003,0,0,0.34709,1,1.084180717769866,6451.872000000001,1.980531,13.000008353002707
Namibia,2004,0,0,0.35666,1,1.5821851198070402,7161.6759999999995,2.002745,13.999995385387143
Namibia,2005,0,0,0.36632,1,0.4443104077697173,7259.825000000004,2.027026,14.999996983467152
Nauru,2001,0,0,0.63043,0,0.34388896639798067,11040.59000000001,25.515789999999996,36.00000221558012
Nauru,2002,0,0,0.63043,0,0.002012436006192583,11040.59000000001,25.515789999999996,36.00000221558012
Nauru,2003,0,0,0.63043,0,0.2855974511789716,11040.59000000001,25.515789999999996,36.00000221558012
Nauru,2004,0,0,0.63043,0,0.031305812054711855,11040.59000000001,25.515789999999996,36.00000221558012
Nauru,2005,0,0,0.63043,0,0.175431086863589,11040.59000000001,25.515789999999996,36.00000221558012
Nepal,2001,569,0,0.13967000000000002,0,0.970392469643359,1585.5140000000004,24.140939999999997,232.99989431921566
Nepal,2002,4432,0,0.14263,0,0.5305878231874993,1561.2790000000002,24.51697,233.99997300629934
Nepal,2003,1732,0,0.14564,0,1.9944933209887612,1597.8770000000004,24.868899999999996,235.00011417615033
Nepal,2004,2456,0,0.14871,0,1.5559358906991223,1648.9850000000004,25.19813,236.0000460139605
Nepal,2005,1399,0,0.15183,0,0.6147138794520963,1684.3389999999995,25.50685,236.99996655097635
Netherlands,2001,0,0,0.7783,1,0.23297581816383173,42287.55999999998,16.04618,300.999920310599
Netherlands,2002,0,0,0.79113,1,0.7942493102881616,42062.05,16.14893,301.9999947527889
Netherlands,2003,0,0,0.8034100000000002,1,0.8586867554461536,41982.919999999984,16.225299999999997,303.000058930667
Netherlands,2004,0,0,0.81514,1,1.0247059863091308,42686.890000000036,16.28178,304.0000907725221
Netherlands,2005,0,0,0.8262999999999999,1,1.1728819480990527,43507.30000000002,16.319869999999998,305.00006813474704
New Zealand,2001,0,0,0.85764,1,0.19142989404319785,28500.95,3.8805000000000005,94.00002046662183
New Zealand,2002,0,0,0.8590000000000001,1,0.9047684853251557,29427.599999999984,3.9485000000000006,95.00001029794917
New Zealand,2003,0,0,0.86,1,0.8815581579459832,30162.499999999996,4.0272,95.99998161908964
New Zealand,2004,0,0,0.8602600000000002,1,0.35813389936421525,30689.190000000024,4.0875,97.00000208517186
New Zealand,2005,0,0,0.8605200000000001,1,0.532127756968094,31351.839999999986,4.1339,98.00005109029726
Nicaragua,2001,0,0,0.54976,1,1.3589277064993976,3506.8190000000004,5.100749999999999,160.9999412375122
Nicaragua,2002,0,0,0.55216,1,0.06895408000074327,3484.763000000001,5.171736,161.99994569236281
Nicaragua,2003,0,0,0.55455,1,0.1995377374426462,3525.468999999999,5.240876000000001,162.99996726850102
Nicaragua,2004,0,0,0.5569500000000001,1,1.2244611639003269,3664.623999999997,5.309703000000001,163.99992983684655
Nicaragua,2005,0,0,0.55933,1,0.9340498103352379,3772.0950000000016,5.379327,165.00008680642708
Niger,2001,0,0,0.16269999999999998,1,1.1048948543882695,778.2334999999997,11.642310000000002,40.999997265123476
Niger,2002,0,0,0.16365,1,0.23174302226174623,773.0709999999998,12.075990000000001,42.00001603210159
Niger,2003,0,0,0.16471,1,1.1981309401253426,785.0455999999998,12.526719999999997,42.99999502517711
Niger,2004,4,0,0.1659,1,1.1796631362123415,757.6861999999999,12.996009999999998,44.000016107599464
Niger,2005,0,0,0.1672,1,0.2036248269578442,763.2098,13.48544,45.00002296034146
Nigeria,2001,2417,0.1,0.3566900000000001,1,1.7888896084185342,2900.0359999999987,126.01490000000003,40.999997265123476
Nigeria,2002,612,0.1,0.36508,1,1.4364131171712653,2934.860999999999,129.2463,42.00001603210159
Nigeria,2003,444,0.1,0.37356,1,1.970244534727875,3157.6130000000003,132.58149999999998,42.99999502517711
Nigeria,2004,2095,0.1,0.38212,1,1.5272262765265443,4116.156999999997,136.0333,44.000016107599464
Nigeria,2005,216,0.1,0.39074,1,1.7247029207971507,4149.278,139.61130000000003,45.00002296034146
North Korea,2001,0,0,0.59491,0,0.016855838174074884,1177.4979999999998,23.043440000000004,53.00000458173775
North Korea,2002,0,0,0.5957,0,0.29167608096124603,1165.7080000000003,23.24805,53.999997485529235
North Korea,2003,0,0,0.59648,0,0.15157498355194926,1155.7979999999995,23.449170000000002,54.99998981221505
North Korea,2004,0,0,0.59727,0,0.31836955330175815,1147.613,23.639299999999995,56.00001731883431
North Korea,2005,0,0,0.59805,0,0.3729675257914467,1140.1639999999998,23.813319999999997,56.9999847334327
Norway,2001,0,0,0.7656100000000001,1,1.1730027910638763,58956.38999999999,4.513751,187.00007164820602
Norway,2002,0,0,0.76999,1,0.306401234307345,59482.369999999966,4.5381589999999985,188.00000698796973
Norway,2003,0,0,0.7723,1,1.0072620844063582,59678.45000000004,4.5648550000000006,188.99999715372763
Norway,2004,0,0,0.77275,1,0.009857608797261492,61675.59999999997,4.59191,189.99998628950806
Norway,2005,0,0,0.7748999999999999,1,0.6383268964252901,62864.79999999995,4.623291,191.0001092431249
Oman,2001,0,0,0.7154899999999997,0,0.09012819458299558,45400.31999999997,2.2725470000000003,300.999920310599
Oman,2002,0,0,0.71529,0,0.13663846477257555,44140.909999999996,2.323203,301.9999947527889
Oman,2003,0,0,0.71509,0,0.08696698012517765,42044.73999999996,2.385075,303.000058930667
Oman,2004,0,0,0.71827,0,0.06963846192377621,41551.57000000003,2.448194,304.0000907725221
Oman,2005,0,0,0.7240000000000001,0,0.27332562625966955,41458.37999999998,2.506891,305.00006813474704
Pakistan,2001,26,0.075,0.33446,0,1.8061779862651601,3486.718999999998,141.28210000000007,53.999997485529235
Pakistan,2002,65,0.075,0.3375,0,1.4790285077353476,3523.1909999999993,144.27160000000003,54.99998981221505
Pakistan,2003,241,0.075,0.34064999999999995,0,0.804390809959569,3617.6769999999974,147.25149999999994,56.00001731883431
Pakistan,2004,430,0.075,0.34392,0,0.8428661522361822,3804.984000000001,150.26800000000006,56.9999847334327
Pakistan,2005,153,0.075,0.34729999999999994,0,0.428379886808386,4013.427000000001,153.3564,57.9999993883077
Palau,2001,0,0,0.63043,0,0.1809438807093934,11040.59000000001,25.515789999999996,36.00000221558012
Palau,2002,0,0,0.63043,0,0.13872359270695128,11040.59000000001,25.515789999999996,36.00000221558012
Palau,2003,0,0,0.63043,0,0.307519823423631,11040.59000000001,25.515789999999996,36.00000221558012
Palau,2004,0,0,0.63043,0,0.3436044302663044,11040.59000000001,25.515789999999996,36.00000221558012
Palau,2005,0,0,0.63043,0,6.236228456092067e-4,11040.59000000001,25.515789999999996,36.00000221558012
Panama,2001,0,0,0.62494,1,0.675431526827449,10480.57999999999,3.086887,98.00005109029726
Panama,2002,0,0,0.6278900000000001,1,0.3517814629726717,10511.51000000001,3.144728,99.00001483667667
Panama,2003,0,0,0.63083,1,1.0828459919345077,10749.090000000006,3.202511,99.99998140119244
Panama,2004,0,0,0.63377000000000006,1,1.171281700825989,11344.249999999996,3.260611,100.9999477990463
Panama,2005,0,0,0.63669,1,0.26860329327060145,11937.59999999999,3.3193010000000003,102.00001904500628
Papua New Guinea,2001,65,0,0.13182,1,1.698600756256385,2672.539,5.512835000000001,25.999986011445234
Papua New Guinea,2002,7,0,0.13164,1,1.987006823061146,2601.763999999999,5.653283999999998,27.000003617883362
Papua New Guinea,2003,0,0,0.13146000000000002,1,1.4168334382142171,2592.44,5.795570999999999,28.00001371509765
Papua New Guinea,2004,0,0,0.13127,1,0.6595536463494762,2597.8130000000006,5.940048,29.000004930392674
Papua New Guinea,2005,0,0,0.13109,1,0.763502735247442,2695.6179999999995,6.086905000000002,29.999988550137516
Paraguay,2001,0,0,0.55966,1,0.3226781493984675,5918.057000000002,5.406624999999999,189.99998628950806
Paraguay,2002,0,0,0.5660000000000001,1,1.2843086801175958,5807.246000000004,5.508615,191.0001092431249
Paraguay,2003,0,0,0.56893,1,0.31190311720150526,5950.849,5.6079479999999995,191.99992857067915
Paraguay,2004,0,0,0.57122,1,0.04641954111254309,6088.3040000000055,5.703742,192.99996354136056
Paraguay,2005,0,0,0.5735,1,0.37847569654241664,6119.751000000006,5.7954930000000004,193.99996914171686
Peru,2001,21,0,0.7344800000000002,1,1.840544620494526,6516.693000000004,26.26136,177.00004733443853
Peru,2002,13,0,0.7384999999999999,1,1.988245659323293,6784.221999999995,26.601460000000007,178.00008004802692
Peru,2003,13,0,0.74249,1,1.9357420470648958,6978.569999999999,26.937739999999998,179.00003475450825
Peru,2004,3,0,0.7464399999999998,1,1.9896132245583926,7234.491000000003,27.273190000000003,180.0000268397641
Peru,2005,0,0,0.7503399999999998,1,0.823698129310743,7595.272,27.61041000000001,180.99999434088556
Philippines,2001,792,0.015,0.47684,1,1.6260711014151945,4255.042000000003,79.60454000000003,54.99998981221505
Philippines,2002,763,0.015,0.47414,1,1.550536541441749,4318.737000000004,81.29438,56.00001731883431
Philippines,2003,1119,0.015,0.47143,1,1.8815507123498805,4441.675000000003,82.97173,56.9999847334327
Philippines,2004,470,0.015,0.46872,1,1.8629525396993942,4647.011000000004,84.59625000000001,57.9999993883077
Philippines,2005,487,0.015,0.46603,1,1.662736547732451,4778.970999999996,86.14137,59.00003280957166
Poland,2001,0,0,0.61761,1,1.0072267346319463,14920.459999999992,38.24808,82.99994955289773
Poland,2002,0,0,0.61787,1,0.06726673715690151,15232.130000000001,38.23036999999999,84.00001689716338
Poland,2003,0,0,0.61676,1,0.9629181846197974,15785.420000000015,38.20457,84.99997819832602
Poland,2004,0,0,0.61564,1,0.05311793118637986,16605.820000000003,38.182219999999994,85.99997452220214
Poland,2005,0,0,0.61452,1,0.21717139268167318,17193.520000000008,38.16544,86.99998967705181
Portugal,2001,0,0,0.5504399999999999,1,0.30205471428800373,26318.480000000018,10.362720000000001,300.999920310599
Portugal,2002,0,0,0.5566599999999999,1,0.4548369163929159,26375.959999999985,10.41963,301.9999947527889
Portugal,2003,0,0,0.56287,1,0.8303264367043879,26031.649999999998,10.458820000000001,303.000058930667
Portugal,2004,0,0,0.56907,1,0.14482818638299824,26439.92999999999,10.483859999999998,304.0000907725221
Portugal,2005,0,0,0.57522,1,0.7086001578518469,26593.29000000002,10.50333,305.00006813474704
Qatar,2001,0,0.7,0.96506,0,0.028148450813647335,46751.120000000024,0.6137199999999999,29.999988550137516
Qatar,2002,0,0.7,0.9669199999999999,0,0.032198059504330266,47192.669999999984,0.6343880000000001,30.999993660961117
Qatar,2003,0,0.7,0.96868,0,0.0023092945191264163,107615.89999999994,0.668165,32.000003110408905
Qatar,2004,0,0.7,0.9710500000000001,0,0.01914822972194519,116418.20000000001,0.732096,33.00001447160934
Qatar,2005,0,0.7,0.97449,0,0.01803660813559082,109802.3999999999,0.836924,34.000016163054354
Romania,2001,0,0,0.52852,1,0.7910965634601098,11211.869999999999,22.131970000000006,122.99995628920023
Romania,2002,0,0,0.5278,1,0.6752967882135417,12010.989999999993,21.730500000000003,124.0000538649871
Romania,2003,0,0,0.52912,1,1.2574851944302767,12766.25999999999,21.574329999999996,125.00003283721665
Romania,2004,0,0,0.53043,1,0.4281613858270482,13912.38999999999,21.45175,126.00001172411429
Romania,2005,0,0,0.53174,1,0.7143893883220944,14582.569999999994,21.319680000000005,126.99998901975958
Russia,2001,992,0.005,0.73346,0,1.0309979057838814,14829.080000000007,145.97609999999997,300.999920310599
Russia,2002,1509,0.005,0.7334100000000002,0,1.3423175312565547,15604.14999999999,145.306,301.9999947527889
Russia,2003,539,0.005,0.73373,0,1.2739655250186357,16818.74,144.64829999999998,303.000058930667
Russia,2004,1317,0.005,0.73418,0,1.918160447233445,18098.369999999988,144.067,304.0000907725221
Russia,2005,674,0.005,0.7346300000000002,0,1.1194537257209003,19325.939999999988,143.51850000000002,305.00006813474704
Rwanda,2001,2044,0,0.15829000000000001,0,1.6457527427690872,828.8356,8.329113000000001,39.00001380094624
Rwanda,2002,0,0,0.16777,0,0.8066190771329775,915.4478,8.539029,39.999981835446675
Rwanda,2003,0,0,0.17598,0,0.019430782059971244,920.0732,8.686468999999999,40.999997265123476
Rwanda,2004,16,0,0.18425999999999998,0,1.6301426497641716,973.1163,8.828956,42.00001603210159
Rwanda,2005,0,0,0.19282,0,0.24636611366341823,1043.8610000000003,9.00823,42.99999502517711
Samoa,2001,0,0,0.63043,0,0.20701147215854374,11040.59000000001,25.515789999999996,36.00000221558012
Samoa,2002,0,0,0.63043,0,0.24174432156006337,11040.59000000001,25.515789999999996,36.00000221558012
Samoa,2003,0,0,0.63043,0,0.11692269754045641,11040.59000000001,25.515789999999996,36.00000221558012
Samoa,2004,0,0,0.63043,0,0.11728371424912706,11040.59000000001,25.515789999999996,36.00000221558012
Samoa,2005,0,0,0.63043,0,0.21895438741697462,11040.59000000001,25.515789999999996,36.00000221558012
San Marino,2001,0,0,0.63043,0,0.2728180989368353,11040.59000000001,25.515789999999996,36.00000221558012
San Marino,2002,0,0,0.63043,0,0.14165666935611515,11040.59000000001,25.515789999999996,36.00000221558012
San Marino,2003,0,0,0.63043,0,0.32023703554652627,11040.59000000001,25.515789999999996,36.00000221558012
San Marino,2004,0,0,0.63043,0,0.3494240284901484,11040.59000000001,25.515789999999996,36.00000221558012
San Marino,2005,0,0,0.63043,0,0.22778368286580544,11040.59000000001,25.515789999999996,36.00000221558012
Sao Tome and Principe,2001,0,0,0.63043,0,0.3048148673364194,11040.59000000001,25.515789999999996,36.00000221558012
Sao Tome and Principe,2002,0,0,0.63043,0,0.29480814680450823,11040.59000000001,25.515789999999996,36.00000221558012
Sao Tome and Principe,2003,0,0,0.63043,0,0.25146312533708054,11040.59000000001,25.515789999999996,36.00000221558012
Sao Tome and Principe,2004,0,0,0.63043,0,0.051653607923691156,11040.59000000001,25.515789999999996,36.00000221558012
Sao Tome and Principe,2005,0,0,0.63043,0,0.27239516049677037,11040.59000000001,25.515789999999996,36.00000221558012
Saudi Arabia,2001,0,0.17,0.80077,0,0.1310345795623935,41472.84999999997,22.007939999999998,69.00003418279756
Saudi Arabia,2002,0,0.17,0.80304,0,0.07150429873190821,39194.770000000004,22.668100000000003,69.99998305654692
Saudi Arabia,2003,26,0.17,0.8053,0,1.4573959719175007,42344.41000000002,23.35789,71.00000873006718
Saudi Arabia,2004,91,0.17,0.8075399999999998,0,1.1292579403033898,44390.959999999985,24.055569999999996,71.99999143084456
Saudi Arabia,2005,31,0.17,0.80979,0,1.3153173079105955,45538.50000000001,24.745229999999996,73.00004079617888
Senegal,2001,47,0,0.40490000000000004,1,1.4920923334420426,1948.679,10.118080000000003,40.999997265123476
Senegal,2002,45,0,0.40636000000000005,1,1.6896245682937745,1911.9420000000005,10.389460000000001,42.00001603210159
Senegal,2003,39,0,0.40781999999999996,1,1.5208430556361472,1987.323,10.673320000000002,42.99999502517711
Senegal,2004,3,0,0.4094300000000001,1,1.7235418799729971,2049.271,10.967019999999998,44.000016107599464
Senegal,2005,46,0,0.41119,1,1.7940359970684536,2107.6800000000007,11.26899,45.00002296034146
Serbia,2001,0,0,0.6141248,1,0.055089509153527026,10701.330000000005,7.411569000000001,1
Serbia,2002,0,0,0.6141248,1,0.7646068360063121,10701.330000000005,7.411569000000001,1
Serbia,2003,0,0,0.6141248,1,0.6632249696817577,10701.330000000005,7.411569000000001,1
Serbia,2004,0,0,0.6141248,1,0.38555054170699865,10701.330000000005,7.411569000000001,1
Serbia,2005,0,0,0.6141248,1,0.13390256189860852,10701.330000000005,7.411569000000001,1
Seychelles,2001,0,0,0.63043,0,0.3472144690566044,11040.59000000001,25.515789999999996,36.00000221558012
Seychelles,2002,0,0,0.63043,0,0.24930744548956396,11040.59000000001,25.515789999999996,36.00000221558012
Seychelles,2003,0,0,0.63043,0,0.22817543916974448,11040.59000000001,25.515789999999996,36.00000221558012
Seychelles,2004,0,0,0.63043,0,0.0010495532335946336,11040.59000000001,25.515789999999996,36.00000221558012
Seychelles,2005,0,0,0.63043,0,0.17776026974606327,11040.59000000001,25.515789999999996,36.00000221558012
Sierra Leone,2001,73,0,0.35867,0,1.648101897290449,823.2862999999998,4.220198,39.999981835446675
Sierra Leone,2002,1,0,0.36109,0,1.6900056950998166,994.9924000000002,4.422154,40.999997265123476
Sierra Leone,2003,0,0,0.36351999999999995,1,1.4287872721980515,1036.9649999999995,4.6477010000000005,42.00001603210159
Sierra Leone,2004,0,0,0.36595999999999995,1,0.42741686522805133,1056.5839999999992,4.870467,42.99999502517711
Sierra Leone,2005,0,0,0.36840000000000006,1,1.2939628304958344,1061.51,5.071271,44.000016107599464
Singapore,2001,0,0,1,0,0,49851.08,4.138012000000002,36.00000221558012
Singapore,2002,0,0,1,0,0,51478.67999999996,4.17595,37.000003232163834
Singapore,2003,0,0,1,0,0,54560.550000000054,4.114826,37.999993930397835
Singapore,2004,0,0,1,0,0,59027.00999999999,4.166664,39.00001380094624
Singapore,2005,0,0,1,0,0,61973.679999999986,4.2657620000000005,39.999981835446675
Slovakia,2001,0,0,0.56163,1,1.1941800864697991,16152.269999999995,5.3788670000000005,8.00000366656215
Slovakia,2002,0,0,0.5601300000000001,1,0.9141675133145019,16888.93999999999,5.376912,9.00000380397483
Slovakia,2003,0,0,0.55863,1,0.2260247075775289,17815.82999999999,5.373374,9.999999070059587
Slovakia,2004,0,0,0.55713,1,0.33996631420250983,18756.55000000001,5.37228,10.999996999218334
Slovakia,2005,0,0,0.5556300000000001,1,0.5054009303843602,20020.840000000004,5.372807,12.000004202544735
Slovenia,2001,0,0.0531,0.5078,1,1.4265951053385157,23356.709999999995,1.99206,9.00000380397483
Slovenia,2002,0,0.0531,0.50777,1,0.38656980946650493,24222.710000000006,1.99453,9.999999070059587
Slovenia,2003,0,0.0531,0.50685,1,1.1507875434703891,24896.120000000003,1.995733,10.999996999218334
Slovenia,2004,0,0.0531,0.50593,1,0.017331585734768305,25962.91000000002,1.997012,12.000004202544735
Slovenia,2005,0,0.0531,0.5050100000000001,1,1.1849085098784418,26955.47999999998,2.000474,13.000008353002707
Solomon Is.,2001,0,0,0.16201000000000002,1,0.03293518460615538,1627.4359999999995,0.4235350000000001,22.999995033630093
Solomon Is.,2002,0,0,0.16597,1,0.06983959438973339,1540.4040000000005,0.434893,24.00000407164965
Solomon Is.,2003,0,0,0.17000999999999997,1,0.21737267476883018,1598.2769999999996,0.446352,25.000004378295362
Solomon Is.,2004,0,0,0.17413,1,1.345549275549471,1634.2979999999993,0.457841,25.999986011445234
Solomon Is.,2005,0,0,0.17832,1,0.13510925208417698,1680.5060000000003,0.4693060000000001,27.000003617883362
Somalia,2001,486,0,0.33616999999999997,0,0.592729333064314,1289.0079999999998,7.610052999999999,40.999997265123476
Somalia,2002,638,0,0.33990000000000004,0,1.184892980778613,1309.7030000000002,7.827203000000002,42.00001603210159
Somalia,2003,426,0,0.34371,0,0.9011677382420074,1331.1799999999998,8.039104000000002,42.99999502517711
Somalia,2004,670,0,0.34759999999999996,0,0.9259975164230914,1360.075,8.251054,44.000016107599464
Somalia,2005,309,0,0.35156,0,0.6573965779447648,1389.9570000000008,8.466938,45.00002296034146
South Africa,2001,0,0,0.57368,1,0.4084618854235858,9661.164999999994,44.90973999999999,90.99995390697832
South Africa,2002,2,0,0.57898,1,1.6301550132674538,9878.963000000009,45.546339999999994,92.00003891149653
South Africa,2003,0,0,0.5844600000000001,1,0.5362356949689425,10037.420000000004,46.127030000000005,92.99995413675836
South Africa,2004,0,0,0.5899300000000001,1,0.786504106018634,10364.360000000008,46.72769999999999,94.00002046662183
South Africa,2005,0,0,0.59536,1,1.1998373705767469,10783.200000000004,47.34901,95.00001029794917
South Korea,2001,0,0,0.7994,1,0.27493016649512575,21530.260000000017,47.35735999999999,53.00000458173775
South Korea,2002,0,0,0.8029899999999998,1,0.5295225414510072,22997.189999999984,47.62218,53.999997485529235
South Korea,2003,0,0,0.80652,1,0.6600778878989257,23549.370000000014,47.859309999999994,54.99998981221505
South Korea,2004,0,0,0.81002,1,0.9732172522134008,24605.539999999983,48.03941,56.00001731883431
South Korea,2005,0,0,0.81345,1,0.8820994311641669,25516.820000000007,48.13808000000001,56.9999847334327
South Sudan,2001,0,0.04,0.23418109999999998,0,0.15482908126607878,3373.9609999999984,10.51012,1
South Sudan,2002,0,0.04,0.23418109999999998,0,0.6697030398738301,3373.9609999999984,10.51012,1
South Sudan,2003,0,0.04,0.23418109999999998,0,0.4335976019824567,3373.9609999999984,10.51012,1
South Sudan,2004,0,0.04,0.23418109999999998,0,0.4074839846474026,3373.9609999999984,10.51012,1
South Sudan,2005,0,0.04,0.23418109999999998,0,0.27091963885486076,3373.9609999999984,10.51012,1
Spain,2001,13,0,0.76343,1,1.973807600330338,30950.570000000007,40.756,300.999920310599
Spain,2002,5,0,0.7653300000000001,1,1.7664694028830739,31395.280000000024,41.43156,301.9999947527889
Spain,2003,3,0,0.76778,1,1.840789725134289,31815.419999999987,42.18764,303.000058930667
Spain,2004,191,0,0.7702199999999998,1,1.783523637366085,32261.439999999988,42.921890000000005,304.0000907725221
Spain,2005,0,0,0.77263,1,0.12048023700061487,32901.989999999976,43.65315999999999,305.00006813474704
Sri Lanka,2001,1162,0,0.18431,1,1.774678580675004,5418.438000000004,18.797000000000004,53.00000458173775
Sri Lanka,2002,17,0,0.18417999999999998,1,1.7194817821401405,5590.036999999994,18.921,53.999997485529235
Sri Lanka,2003,33,0,0.18406,1,1.8083091218577092,5874.019999999999,19.173,54.99998981221505
Sri Lanka,2004,84,0,0.18394,1,1.653254404909578,6143.593000000007,19.435,56.00001731883431
Sri Lanka,2005,130,0,0.18382,0,0.5918729274249496,6476.240000000002,19.643999999999995,56.9999847334327
St. Kitts and Nevis,2001,0,0,0.63043,0,0.33882321634677237,11040.59000000001,25.515789999999996,36.00000221558012
St. Kitts and Nevis,2002,0,0,0.63043,0,0.14863527907403418,11040.59000000001,25.515789999999996,36.00000221558012
St. Kitts and Nevis,2003,0,0,0.63043,0,9.892153733968734e-4,11040.59000000001,25.515789999999996,36.00000221558012
St. Kitts and Nevis,2004,0,0,0.63043,0,0.16029672225628047,11040.59000000001,25.515789999999996,36.00000221558012
St. Kitts and Nevis,2005,0,0,0.63043,0,0.16747279459969605,11040.59000000001,25.515789999999996,36.00000221558012
St. Lucia,2001,0,0,0.63043,0,0.008976793120570946,11040.59000000001,25.515789999999996,36.00000221558012
St. Lucia,2002,0,0,0.63043,0,0.18103214700215028,11040.59000000001,25.515789999999996,36.00000221558012
St. Lucia,2003,0,0,0.63043,0,0.3271095246896194,11040.59000000001,25.515789999999996,36.00000221558012
St. Lucia,2004,0,0,0.63043,0,0.33167060890842226,11040.59000000001,25.515789999999996,36.00000221558012
St. Lucia,2005,0,0,0.63043,0,0.18181235290137351,11040.59000000001,25.515789999999996,36.00000221558012
St. Vincent and the Grenadines,2001,0,0,0.63043,0,0.3351089063945668,11040.59000000001,25.515789999999996,36.00000221558012
St. Vincent and the Grenadines,2002,0,0,0.63043,0,0.2562487913398258,11040.59000000001,25.515789999999996,36.00000221558012
St. Vincent and the Grenadines,2003,0,0,0.63043,0,0.24151195611660597,11040.59000000001,25.515789999999996,36.00000221558012
St. Vincent and the Grenadines,2004,0,0,0.63043,0,0.2800307274095155,11040.59000000001,25.515789999999996,36.00000221558012
St. Vincent and the Grenadines,2005,0,0,0.63043,0,0.17070217442405175,11040.59000000001,25.515789999999996,36.00000221558012
Sudan,2001,0,0,0.32548,0,0.24708390205275269,2367.7729999999992,28.805140000000005,45.00002296034146
Sudan,2002,0,0,0.32600999999999997,0,0.514905513817845,2449.9779999999996,29.569979999999997,45.99998176150525
Sudan,2003,0,0.02,0.32654000000000005,0,0.3415558720396273,2566.534,30.365590000000008,46.99997171963577
Sudan,2004,0,0.035,0.32707,0,0.29020823268250096,2593.4330000000004,31.176209999999994,47.999999476421245
Sudan,2005,0,0.035,0.3276,0,0.1581890013682656,2712.8899999999994,31.990000000000006,48.99998539258148
Suriname,2001,0,0,0.6651699999999999,1,0.688483898975323,10060.190000000008,0.48421,25.999986011445234
Suriname,2002,0,0,0.6659100000000001,1,0.5873093177225324,10377.549999999992,0.486271,27.000003617883362
Suriname,2003,0,0,0.66664,1,0.8105357048166356,10882.12999999999,0.487641,28.00001371509765
Suriname,2004,0,0,0.6673699999999999,1,0.28834545607386625,11761.779999999992,0.489312,29.000004930392674
Suriname,2005,0,0,0.66682,1,0.19676664012162015,12168.329999999994,0.491999,29.999988550137516
Swaziland,2001,0,0,0.22555,0,0.5316124966169126,5837.835999999996,1.074765,33.00001447160934
Swaziland,2002,0,0,0.22425,0,0.3439738181715947,6048.4230000000025,1.082195,34.000016163054354
Swaziland,2003,0,0,0.22296,0,0.5050602420877479,6245.775999999999,1.087949,34.9999978478706
Swaziland,2004,0,0,0.22166,0,0.5581086175168725,6426.838999999998,1.094775,36.00000221558012
Swaziland,2005,0,0,0.22038,0,0.28274072531136685,6745.718000000004,1.104642,37.000003232163834
Sweden,2001,0,0,0.84071,1,1.021356453577315,37330.69999999999,8.895960000000002,300.999920310599
Sweden,2002,0,0,0.8413299999999999,1,0.5274875005236198,37980.97999999998,8.924958000000002,301.9999947527889
Sweden,2003,0,0,0.8419599999999999,1,0.7393651158666799,38742.67999999997,8.958228999999998,303.000058930667
Sweden,2004,0,0,0.84258,1,0.6656159827716044,40257.93000000002,8.993530999999997,304.0000907725221
Sweden,2005,0,0,0.84319,1,0.2807350256164908,41227.30999999998,9.029572,305.00006813474704
Switzerland,2001,0,0,0.73322,1,0.04076511531227734,51117.890000000036,7.229854,300.999920310599
Switzerland,2002,0,0,0.7336,1,1.1629563665157183,50815.15000000001,7.284753,301.9999947527889
Switzerland,2003,0,0,0.73398,1,0.037680788593878974,50459.500000000044,7.339001,303.000058930667
Switzerland,2004,0,0,0.7343600000000001,1,0.08010901619869283,51505.09000000004,7.3896250000000006,304.0000907725221
Switzerland,2005,0,0,0.7347399999999997,1,0.0594206660573464,52770.47000000004,7.437114999999999,305.00006813474704
Syria,2001,0,0.08,0.5231399999999999,0,0.10221954610399438,28284.999999999985,16.69441,54.99998981221505
Syria,2002,0,0.08,0.5268200000000001,0,0.4621833634488237,29387.78000000002,16.997519999999998,56.00001731883431
Syria,2003,0,0.08,0.53049,0,0.352919619449079,27917.77000000002,17.30434,56.9999847334327
Syria,2004,0,0.08,0.53417,0,0.37578199835503473,29351.15999999998,17.671909999999997,57.9999993883077
Syria,2005,0,0.08,0.53783,0,0.02518690692737931,30639.279999999977,18.132839999999998,59.00003280957166
Taiwan,2001,0,0,0.63043,0,0.18247033190694867,11040.59000000001,25.515789999999996,36.00000221558012
Taiwan,2002,0,0,0.63043,0,0.220336868964897,11040.59000000001,25.515789999999996,36.00000221558012
Taiwan,2003,0,0,0.63043,0,0.1787523069520248,11040.59000000001,25.515789999999996,36.00000221558012
Taiwan,2004,0,0,0.63043,0,0.06425003934858133,11040.59000000001,25.515789999999996,36.00000221558012
Taiwan,2005,0,0,0.63043,0,0.24485826886538645,11040.59000000001,25.515789999999996,36.00000221558012
Tajikistan,2001,0,0,0.26457,0,0.523590738073606,1277.4209999999998,6.290412999999999,9.999999070059587
Tajikistan,2002,0,0,0.26428999999999997,0,0.46930700484270466,1388.9170000000004,6.406518,10.999996999218334
Tajikistan,2003,0,0,0.264,0,0.08187132615596056,1511.4150000000002,6.532871,12.000004202544735
Tajikistan,2004,0,0,0.26417,0,0.7232697119968314,1633.3250000000005,6.666628000000001,13.000008353002707
Tajikistan,2005,1,0,0.26433,0,1.5134849809840811,1706.8210000000006,6.805655000000002,13.999995385387143
Tanzania,2001,37,0,0.22674,1,1.6684792573356815,1528.5000000000007,34.89906,39.999981835446675
Tanzania,2002,0,0,0.23044,1,1.710513138466496,1593.2449999999997,35.85548,40.999997265123476
Tanzania,2003,0,0,0.23611000000000001,1,1.1784904870933597,1655.2210000000005,36.86623000000001,42.00001603210159
Tanzania,2004,0,0,0.24223000000000006,1,1.2301835168463526,1733.5169999999998,37.93533000000001,42.99999502517711
Tanzania,2005,0,0,0.24844999999999998,1,1.1644435527125838,1820.0779999999997,39.06560000000001,44.000016107599464
Thailand,2001,25,0,0.32572,1,1.5022445082898253,9417.997999999992,63.415169999999996,300.999920310599
Thailand,2002,23,0.05,0.33779000000000003,1,1.5987135882632575,9914.431000000006,64.13667000000001,301.9999947527889
Thailand,2003,26,0.05,0.35006,1,1.4124266297611083,10547.900000000005,64.81725000000002,303.000058930667
Thailand,2004,310,0.05,0.36256,1,1.5193959217083455,11134.139999999998,65.40453000000002,304.0000907725221
Thailand,2005,494,0.05,0.37520000000000003,1,1.7038906506758182,11525.380000000003,65.86398000000001,305.00006813474704
The Gambia,2001,0,0,0.48774999999999996,0,0.19864030559122334,1589.5859999999996,1.267103,36.00000221558012
The Gambia,2002,0,0,0.49683,0,0.13055792146749795,1490.0120000000009,1.307674,37.000003232163834
The Gambia,2003,0,0,0.50592,0,0.0020065057933330533,1541.9949999999997,1.350345,37.999993930397835
The Gambia,2004,0,0,0.51479,0,0.04624695122552337,1598.3260000000002,1.394727,39.00001380094624
The Gambia,2005,8,0,0.52342,0,0.8943638333027157,1533.2500000000005,1.440542,39.999981835446675
Timor Leste,2001,0,0,0.24978999999999998,1,0.328796548738156,3174.249000000001,0.8948370000000001,1
Timor Leste,2002,0,0,0.24978999999999998,1,0.9625078232454066,3174.249000000001,0.8948370000000001,1
Timor Leste,2003,0,0,0.25343000000000004,1,0.8382688807144062,3015.837000000001,0.929431,1
Timor Leste,2004,0,0,0.2571,1,0.0017721167063573377,4770.125999999999,0.962634,2.00000003888011
Timor Leste,2005,0,0,0.26314,1,1.391779559845361,6293.549999999998,0.979201,2.9999991339957957
Togo,2001,0,0,0.33356,0,0.12526258862442335,1221.4659999999994,5.006223,40.999997265123476
Togo,2002,0,0,0.33809,0,0.21618274649420985,1178.0079999999996,5.142419,42.00001603210159
Togo,2003,0,0,0.34265,0,0.36522074764067075,1204.2830000000001,5.283246,42.99999502517711
Togo,2004,0,0,0.34724000000000005,0,0.16596299559666775,1197.9829999999997,5.428552,44.000016107599464
Togo,2005,436,0,0.35185,0,1.0741172824711773,1180.4160000000006,5.578219,45.00002296034146
Tonga,2001,0,0,0.63043,0,0.20186864419053308,11040.59000000001,25.515789999999996,36.00000221558012
Tonga,2002,0,0,0.63043,0,0.10098740393750834,11040.59000000001,25.515789999999996,36.00000221558012
Tonga,2003,0,0,0.63043,0,0.1844038698394736,11040.59000000001,25.515789999999996,36.00000221558012
Tonga,2004,0,0,0.63043,0,0.060185897277581966,11040.59000000001,25.515789999999996,36.00000221558012
Tonga,2005,0,0,0.63043,0,0.06041653635564492,11040.59000000001,25.515789999999996,36.00000221558012
Trinidad and Tobago,2001,0,0,0.10597,1,0.4117936790509848,19021.84999999999,1.272383,39.00001380094624
Trinidad and Tobago,2002,0,0,0.10419,1,0.9911615450189286,20443.88000000002,1.27784,39.999981835446675
Trinidad and Tobago,2003,0,0,0.10244000000000002,1,0.5893230628340039,23283.020000000004,1.284052,40.999997265123476
Trinidad and Tobago,2004,0,0,0.10071999999999999,1,1.4919665960899742,25007.669999999995,1.290535,42.00001603210159
Trinidad and Tobago,2005,0,0,0.09902,1,1.2809958358402598,26429.349999999977,1.296933,42.99999502517711
Tunisia,2001,0,0,0.6381800000000001,0,0.3214441650639567,7791.956000000006,9.650599999999999,45.00002296034146
Tunisia,2002,0,0,0.64202,0,0.13301391495374962,7832.0809999999965,9.748900000000003,45.99998176150525
Tunisia,2003,0,0,0.6458499999999999,0,0.3237127666027286,8138.210999999996,9.8398,46.99997171963577
Tunisia,2004,0,0,0.64929,0,0.020211077752283306,8578.441000000004,9.932399999999998,47.999999476421245
Tunisia,2005,0,0,0.65098,0,0.27563646451486273,8802.943,10.029,48.99998539258148
Turkey,2001,87,0.1866,0.6533199999999999,1,1.7423362229936383,12842.360000000004,64.18268999999998,300.999920310599
Turkey,2002,28,0.1866,0.6595300000000001,1,1.9297162070565392,13468.499999999995,65.12575999999997,301.9999947527889
Turkey,2003,106,0.1866,0.66569,1,1.9835500904803514,14020.939999999997,66.06012,303.000058930667
Turkey,2004,206,0.1866,0.6718000000000001,1,1.9439077978319024,15161.620000000008,66.97355999999998,304.0000907725221
Turkey,2005,365,0.1866,0.67783,1,1.7278574825070148,16309.679999999997,67.86062,305.00006813474704
Turkmenistan,2001,0,0,0.46137,0,0.5112241681254166,5506.289000000005,4.551762,9.999999070059587
Turkmenistan,2002,0,0,0.46362000000000003,0,0.4302938456654828,5465.458000000002,4.600172,10.999996999218334
Turkmenistan,2003,0,0,0.46587,0,0.2087844109510537,5588.666000000002,4.648036,12.000004202544735
Turkmenistan,2004,0,0,0.46812,0,0.27341235654232093,5808.664000000003,4.6968760000000005,13.000008353002707
Turkmenistan,2005,0,0,0.47048,0,0.15064269898403435,6495.368000000003,4.747839,13.999995385387143
Tuvalu,2001,0,0,0.63043,0,0.10129961621129185,11040.59000000001,25.515789999999996,36.00000221558012
Tuvalu,2002,0,0,0.63043,0,0.07494462626965949,11040.59000000001,25.515789999999996,36.00000221558012
Tuvalu,2003,0,0,0.63043,0,0.3537442586210975,11040.59000000001,25.515789999999996,36.00000221558012
Tuvalu,2004,0,0,0.63043,0,0.215728833079969,11040.59000000001,25.515789999999996,36.00000221558012
Tuvalu,2005,0,0,0.63043,0,0.02260301970222266,11040.59000000001,25.515789999999996,36.00000221558012
Uganda,2001,212,0.239,0.12167,0,0.7290562636870939,1067.9610000000002,24.534669999999995,39.00001380094624
Uganda,2002,1316,0.239,0.12253,0,0.38252504164088286,1122.25,25.35579,39.999981835446675
Uganda,2003,1629,0.239,0.12483000000000001,0,0.608517943144287,1154.201,26.217759999999995,40.999997265123476
Uganda,2004,2004,0.239,0.12755,0,0.6642707348090713,1190.5739999999998,27.11474,42.00001603210159
Uganda,2005,922,0.239,0.13031,0,0.18097258298323027,1222.7029999999995,28.042409999999997,42.99999502517711
Ukraine,2001,0,0.005,0.67183,0,0.19035291919534092,5291.680000000005,48.68386,9.999999070059587
Ukraine,2002,0,0.005,0.67283,0,0.17964937369764547,5622.439999999999,48.20250000000001,10.999996999218334
Ukraine,2003,0,0.005,0.6742699999999999,0,0.28413347970021197,6201.062999999997,47.81295,12.000004202544735
Ukraine,2004,0,0.005,0.67597,0,0.27593171109504305,7004.327999999999,47.451600000000006,13.000008353002707
Ukraine,2005,0,0.005,0.6779000000000001,1,0.4175870443940162,7246.351000000005,47.105149999999995,13.999995385387143
United Arab Emirates,2001,0,0,0.80655,1,0.2246046485215309,98716.97000000002,3.2178650000000006,29.999988550137516
United Arab Emirates,2002,0,0,0.8106699999999999,1,0.6252644412316825,95894.90999999997,3.39406,30.999993660961117
United Arab Emirates,2003,0,0,0.8147199999999999,0,0.025374584237560643,97790.17999999995,3.6257980000000005,32.000003110408905
United Arab Emirates,2004,0,0,0.8187100000000003,0,0.17151831274980886,98076.53000000004,3.975945,33.00001447160934
United Arab Emirates,2005,0,0,0.82262,0,0.05526775345849804,91798.25999999994,4.481976,34.000016163054354
United Kingdom,2001,1,0,0.78751,1,1.935276120660531,33981.37999999998,59.11967,300.999920310599
United Kingdom,2002,3,0,0.79047,1,1.9755472882867768,34669.51999999998,59.37048000000003,301.9999947527889
United Kingdom,2003,1,0,0.79339,1,1.9097965110753197,35656.17999999998,59.647580000000026,303.000058930667
United Kingdom,2004,1,0,0.7962899999999997,1,1.8353951285396282,36292.17999999998,59.98790000000002,304.0000907725221
United Kingdom,2005,53,0,0.79915,1,1.872930466436292,37159.79999999999,60.40121000000002,305.00006813474704
United States,2001,2986,0,0.7923399999999999,1,1.8509178571288425,45977.54999999997,284.969,220.00009980250303
United States,2002,0,0,0.7940899999999997,1,1.159529756376073,46366.579999999965,287.6252,221.00006596458613
United States,2003,0,0,0.79583,1,1.0632040981516662,47260.03999999999,290.1079,222.00013722439635
United States,2004,0,0,0.79757,1,0.9388217362023681,48597.33999999997,292.80530000000005,223.00005096439935
United States,2005,0,0,0.79928,1,0.20250299147224055,49762.24,295.5165999999999,223.9999883844714
Uruguay,2001,0,0,0.92303,1,0.8107728550843033,12358.040000000008,3.3271050000000004,171.00007583806192
Uruguay,2002,0,0,0.92569,1,0.08075789485409857,11400.21999999999,3.32777,171.99991798810564
Uruguay,2003,0,0,0.92828,1,0.03983543155811727,11499.409999999993,3.3256370000000004,173.00007015189854
Uruguay,2004,0,0,0.93078,1,0.4953849979315698,12080.459999999997,3.3240960000000004,173.9999479366798
Uruguay,2005,0,0,0.9331900000000001,1,0.9238776591676285,12975.760000000006,3.3256080000000003,175.00000456338515
Uzbekistan,2001,0,0,0.37278,0,0.5307841760921571,2575.9919999999993,24.964450000000003,9.999999070059587
Uzbekistan,2002,0,0,0.37127000000000004,0,0.19613825000428828,2646.4449999999997,25.27185,10.999996999218334
Uzbekistan,2003,0,0,0.36976,0,0.31237352684553715,2725.691999999999,25.567650000000004,12.000004202544735
Uzbekistan,2004,37,0,0.36826000000000003,0,1.776336212572381,2901.8960000000015,25.86435,13.000008353002707
Uzbekistan,2005,0,0,0.36676000000000003,0,0.2799488781781867,3069.1149999999993,26.166999999999998,13.999995385387143
Vanuatu,2001,0,0,0.63043,0,0.18568392774537204,11040.59000000001,25.515789999999996,36.00000221558012
Vanuatu,2002,0,0,0.63043,0,0.04473854588545392,11040.59000000001,25.515789999999996,36.00000221558012
Vanuatu,2003,0,0,0.63043,0,0.025423299114543475,11040.59000000001,25.515789999999996,36.00000221558012
Vanuatu,2004,0,0,0.63043,0,0.21941255771957335,11040.59000000001,25.515789999999996,36.00000221558012
Vanuatu,2005,0,0,0.63043,0,0.02416255958417896,11040.59000000001,25.515789999999996,36.00000221558012
Venezuela,2001,27,0,0.88303,0,1.3021706548228882,14627.430000000002,24.940220000000004,171.99991798810564
Venezuela,2002,27,0,0.8843799999999997,0,1.6719488927468609,13090.59000000001,25.399140000000003,173.00007015189854
Venezuela,2003,25,0,0.8848,0,1.7905835928909482,11860.729999999992,25.857549999999996,173.9999479366798
Venezuela,2004,31,0,0.88522,0,1.5669957812003792,13785.220000000001,26.314480000000003,175.00000456338515
Venezuela,2005,30,0,0.8856299999999997,0,1.2957211847973498,14948.130000000003,26.76912,176.0000008732853
Vietnam,2001,0,0,0.24937,0,0.48098548963179816,2692.125,78.6205,46.99997171963577
Vietnam,2002,0,0,0.25511,0,0.18640702357871924,2833.770999999999,79.53769999999999,47.999999476421245
Vietnam,2003,0,0,0.26092,0,0.13485167023231276,3000.311000000001,80.46740000000001,48.99998539258148
Vietnam,2004,0,0,0.26683,0,0.15309067889868747,3196.2969999999973,81.4364,49.99999972859274
Vietnam,2005,0,0,0.27281,0,0.5023432468228508,3405.679000000003,82.39209999999999,51.00001873106283
Yemen,2001,0,0.01,0.26787,0,0.5563521008365624,3928.648999999997,18.306289999999997,82.99994955289773
Yemen,2002,0,0.01,0.27315,0,0.3452030238437932,3969.0689999999972,18.832100000000004,84.00001689716338
Yemen,2003,6,0.01,0.27849,0,1.8897694171832686,4002.9370000000017,19.37401,84.99997819832602
Yemen,2004,28,0.01,0.2839,0,0.8520420086621538,4046.568999999997,19.931619999999995,85.99997452220214
Yemen,2005,0,0.01,0.28936,0,0.5852659887818992,4155.375999999997,20.504380000000005,86.99998967705181
Zambia,2001,7,0,0.34958,1,1.7839046443209425,2154.8630000000003,10.861239999999999,37.000003232163834
Zambia,2002,0,0,0.35369,1,0.16281289468944304,2191.9620000000004,11.139980000000001,37.999993930397835
Zambia,2003,0,0,0.35780999999999996,1,0.9185041311354959,2282.298999999999,11.426009999999998,39.00001380094624
Zambia,2004,0,0,0.36196,1,1.4029993979418371,2378.3000000000006,11.725629999999999,39.999981835446675
Zambia,2005,0,0,0.36612,1,1.002447751667574,2482.582000000001,12.04359,40.999997265123476
Zimbabwe,2001,0,0.21,0.3417,0,0.08716662393275183,2590.185000000001,12.603990000000003,36.00000221558012
Zimbabwe,2002,0,0.21,0.34585,0,0.30439727874656675,2334.4489999999996,12.691430000000004,37.000003232163834
Zimbabwe,2003,0,0.21,0.34479,0,0.5265239798311168,1917.2519999999997,12.77416,37.999993930397835
Zimbabwe,2004,0,0.21,0.34294,0,0.5707225927007664,1785.6089999999995,12.867829999999998,39.00001380094624
Zimbabwe,2005,0,0.21,0.3411,0,0.18602340788284782,1662.4859999999999,12.984420000000002,39.999981835446675
